cn_al_khalid_1	Al-Khalid-I	cn_al_khalid_1_default
cn_antelope_tc_1l_ads	Antelope Air Defence System	cn_antelope_tc_1l_ads_default
cn_bt_5	BT-5 mod. 1933	ussr_bt_5_default
cn_cm_25	CM25	cn_cm_25_default
cn_cm_34	CM34	cn_cm_34_default
cn_cm11	CM11	cn_cm11_default
cn_gmc_cckw_353_m45_quad	CCKW 353 (M45)	cn_gmc_cckw_353_m45_quad_default
cn_hj_9	DaoDan Fan Tanke 09	cn_hj_9_default
cn_hq_11	HQ11	cn_hq_11_default
cn_hq_17	HQ17	cn_hq_17_default
cn_is_2_1943_no402	IS-2 No.402	ussr_is_2_default
cn_is_2_1943	IS-2	ussr_is_2_default
cn_is_2_1944	IS-2 (1944)	cn_is_2_1944_default
cn_isu_122	ISU-122	ussr_isu_122_default
cn_isu_152	ISU-152	ussr_isu_152_default
cn_lvt_4_zis_2	LVT(A)(4) (ZiS-2)	us_lvt_4_zis_2_default
cn_m_41d	M41D	cn_m_41d_default
cn_m10	3-inch Gun Motor Carriage M10	cn_m10_default
cn_m113a1_tow	M113A1 TOW	it_m113a1_tow_default
cn_m18_hellcat	M18 Gun Motor Carriage	us_m18_hellcat_default
cn_m1a2t	M1A2T	cn_m1a2t_default
cn_m24_chaffee	Light Tank M24 Chaffee	us_m24_chaffee_default
cn_m36	90-mm Gun Motor Carriage M36	us_m36_default
cn_m3a3_stuart_1st_ptg	M3A3 (1st PTG)	cn_m3a3_stuart_default
cn_m3a3_stuart	Light Tank M3A3 Stuart	cn_m3a3_stuart_default
cn_m41_a3_walker_bulldog	M41A3	us_m41_walker_bulldog_default
cn_m42_duster	M42 Duster	us_m42_duster_default
cn_m48a1_patton_iii	90 mm Gun Tank M48A1 Patton III	us_m48a1_patton_III_default
cn_m4a1_76w_sherman	Medium Tank M4A1 (75) W Sherman	cn_m4a1_76w_sherman_default
cn_m4a4_sherman_1st_ptg	Medium Tank M4A4 Sherman (1st PTG)	cn_m4a4_sherman_1st_ptg_default
cn_m4a4_sherman	Medium Tank M4A4 Sherman	cn_m4a4_sherman_default
cn_m55	Howitzer, Self-propelled, Full Tracked: 203-mm, M55	us_m55_default
cn_m5a1_stuart	Light Tank M5A1 Stuart	us_m5a1_stuart_default
cn_m60a3_tts	105 mm Gun Tank M60A3 TTS	cn_m60a3_tts_default
cn_m8_greyhound	Light Armored Car M8	us_m8_greyhound_default
cn_m8_scott	75 mm Howitzer Motor Carriage M8	us_m8_scott_default
cn_mbt2000_sm	MBT-2000	cn_mbt2000_sm_default
cn_mbt2000	MBT-2000	cn_mbt2000_default
cn_object_211	Object 211	cn_object_211_default
cn_oplot_t	Oplot-M	jp_oplot_t_default
cn_pgz_04a	HuoPao GaoShe ZiXing 04A	cn_pgz_04a_default
cn_pgz_09	HuoPao GaoShe ZiXing 09	cn_pgz_09_default
cn_pgz_625_fb10	CS/SA5	cn_pgz_625_fb10_default
cn_pgz_88	PGZ88	cn_pgz_88_default
cn_plz_05	HuoPao LiuDan ZiXing 05	cn_plz_05_default
cn_plz_83_130	HuoPao LiuDan ZiXing 83-130	cn_plz_83_130_default
cn_plz_83	HuoPao LiuDan ZiXing 83	cn_plz_83_default
cn_pt_76	PT-76	cn_pt_76_default
cn_ptl_02	HuoPao TuJi LunShi 02	cn_ptl_02_default
cn_ptz_89	HuoPao Tanke ZiXing 89	cn_ptz_89_default
cn_qn506	QN506	cn_qn506_default
cn_sdkfz_222_early	le.Pz.Sp.Wg. (2 cm) Ausf.A 1.Serie	cn_sdkfz_222_early_default
cn_su_100_1945	SU-100	ussr_su_100_1945_default
cn_su_76m_1943	SU-76M	ussr_su_76m_1943_default
cn_t_26_1940	T-26 mod. 1937	ussr_t_26_1940_default
cn_t_26_no531	T-26 No.531	ussr_t_26_1940_default
cn_t_34_1942	T-34 (1943)	ussr_t_34_1942_default
cn_t_34_85_d_5t	T-34-85 (S-53)	ussr_t_34_85_zis_53_default
cn_t_34_85_zis_53_no215	T-34-85 No.215	ussr_t_34_85_zis_53_default
cn_t_62	T-62 N545	t_62_default
cn_t_80ud_478be	T-80UD/Object 478BE	cn_t_80ud_478be_default
cn_tor_m1	Tor-M1	cn_tor_m1_default
cn_type_58	T-34-85 Gai	cn_type_58_default
cn_type_59	Type 59	cn_type_59_default
cn_type_59d	ZhuangJia Tanke ZhuZhan 59D1	cn_type_59_default
cn_type_62	Type 62	ussr_type_62_default
cn_type_63_i	Type 63	cn_type_63_I_default
cn_type_64	M64	cn_type_64_default
cn_type_65_aa	Xe tăng phòng không 37 mm	cn_type_65_aa_default
cn_type_69_2a	Type 69-IIa	cn_type_69_2a_default
cn_type_69_2g	Medium Tank T-69 II G	cn_type_69_2g_default
cn_type_69	Type 69	type_69_default
cn_type_86	ZhuangJia BuBing LÜDai 86	cn_zbd_86_default
cn_type_95_ha_go	Type 95 Ha-Go	jp_type_95_ha_go_default
cn_type_97_chi_ha	Type 97 Chi-Ha	jp_type_97_chi_ha_default
cn_type_97_kai	Type 97 Chi-Ha Kai	jp_type_97_kai_default
cn_vt_4	VT4	cn_vt_4_default
cn_vt_4b	VT4A1	cn_vt_4b_default
cn_vt_5	VT5	cn_vt_5_default
cn_wma_301	WMA301	cn_wma_301_default
cn_wz_1001	Wu Zhuang 1001(E) LCT	cn_wz_1001_default
cn_wz_141	Wu Zhuang 141-1	cn_wz_141_default
cn_wz_305	Wu Zhuang 305	cn_wz_305_default
cn_zbd_04a	ZhuangJia BuBing LÜDai 04A	cn_zbd_04a_default
cn_zsd63_pg87	ZSD63/PG87, Dual-Barrel AA	cn_zsd63_pg87_default
cn_zsl_92	ZSL92	cn_zsl_92_default
cn_ztl_11	ZiXing LunShi Tanke 11	cn_ztl_11_default
cn_zts_63_1980	ZhuangJia Tanke ShuiLu 63	cn_zts_63_1980_default
cn_ztz_59a	ZhuangJia Tanke ZhuZhan 59A	cn_ztz_59a_default
cn_ztz_88a	ZhuangJia Tanke ZhuZhan 88A	cn_ztz_88a_default
cn_ztz_88b	ZhuangJia Tanke ZhuZhan 88B	cn_ztz_88b_default
cn_ztz_96	ZhuangJia Tanke ZhuZhan 96	cn_ztz_96_default
cn_ztz_96a_prot	ZhuangJia Tanke ZhuZhan 96A, Prototype	cn_ztz_96a_prot_default
cn_ztz_96a_race	ZhuangJia Tanke ZhuZhan 96A	cn_ztz_96a_default
cn_ztz_96a	ZhuangJia Tanke ZhuZhan 96A	cn_ztz_96a_default
cn_ztz_96b	ZhuangJia Tanke ZhuZhan 96B	cn_ztz_96_default
cn_ztz_99_w	ZhuangJia Tanke ZhuZhan 99 Stage III	cn_ztz_99_w_default
cn_ztz_99	ZhuangJia Tanke ZhuZhan 99 Stage II	cn_ztz_99_default
cn_ztz_99a	ZhuangJia Tanke ZhuZhan 99A	cn_ztz_99a_default
fr_amc_34	Automitrailleuse de Combat AMC.34 YR	fr_amc_34_default
fr_amc_35	Char de Combat Renault AMC.35 (ACG.1)	fr_amc_35_default
fr_amd_35_kwk39	AMD.35 (PaK)	fr_amd_35_kwk39_default
fr_amd_35_sa35	AMD.35 (SA35)	fr_amd_35_sa35_default
fr_amd_35	AMD.35	fr_amd_35_default
fr_aml_90	AML-90	fr_aml_90_default
fr_amr_35_zt3	Automitrailleuse de Reconnaissance AMR 35 ZT3	fr_amr_35_zt3_default
fr_amx_10m_acra	Chasseur de char AMX-10M	fr_amx_10m_acra_default
fr_amx_10p	AMX-10P	fr_amx_10p_default
fr_amx_10rc	AMX-10RC	fr_amx_10rc_default
fr_amx_13_75_ss11	AMX-13 (SS.11)	fr_amx_13_75_ss11_default
fr_amx_13_75	AMX-13	fr_amx_13_75_default
fr_amx_13_90	AMX-13-90	fr_amx_13_90_default
fr_amx_13_chaffee	AMX-13-M24	fr_amx_13_chaffee_default
fr_amx_13_dca_40	AMX-13 DCA 40	fr_amx_13_dca_40_default
fr_amx_13_fl_11	AMX-13 (FL11)	fr_amx_13_fl_11_default
fr_amx_13_hot	AMX-13 (HOT)	fr_amx_13_hot_default
fr_amx_30_1972	AMX-30 (1972)	fr_amx_30_1972_default
fr_amx_30_acra	AMX-30 ACRA	fr_amx_30_ACRA_default
fr_amx_30_auf_1	Canon de 155 Automoteur Modèle F1	fr_amx_30_auf_1_default
fr_amx_30_b2_brenus	AMX-30B2 BRENUS	fr_amx_30_b2_brenus_default
fr_amx_30_b2	AMX-30B2	fr_amx_30_b2_default
fr_amx_30_dca	AMX-30 S DCA	fr_amx_30_dca_default
fr_amx_30_roland	AMX-30 Roland 1	fr_amx_30_roland_default
fr_amx_30_super	AMX-30 Super	fr_amx_30_b2_default
fr_amx_30	AMX-30	fr_amx_30_default
fr_amx_32_105	AMX-32 (105)	fr_amx_32_105_default
fr_amx_32	AMX-32	fr_amx_32_default
fr_amx_40	AMX-40	fr_amx_40_default
fr_amx_50_1950	AMX Char Moyen de 50 tonnes (TO90/930)	fr_amx_50_1950_default
fr_amx_50_foch	Canon automoteur AMX-50 Foch	fr_amx_50_foch_default
fr_amx_50_surbaisse	AMX-50 Surbaissé	fr_amx_50_surbaisse_default
fr_amx_50_surblinde	AMX-50 Surblindé	fr_amx_50_surblinde_default
fr_amx_50	AMX Char Moyen de 50 tonnes (TOA100)	fr_amx_50_default
fr_amx_elc_901	ELC AMX tourelle 901	fr_amx_elc_bis_default
fr_amx_elc_bis	AMX ELC bis (1961)	fr_amx_elc_bis_default
fr_amx_m4	AMX M4	fr_amx_m4_default
fr_amx_vtt_dca	AMX-13 VTT DCA	fr_amx_vtt_dca_default
fr_arl_44_acl1	ARL-44 (ACL-1)	fr_arl_44_acl1_default
fr_arl_44	ARL-44	fr_arl_44_default
fr_b1_bis	Char de bataille B1 bis	fr_b1_bis_default
fr_b1_ter	Char de bataille B1 ter	fr_b1_ter_default
fr_bat_chat_25t	Batignolles-Chatillon Char de 25 tonnes	fr_bat_chat_25t_default
fr_cckw_353_bofors	GMC CCKW 353 (40 mm Bofors)	fr_cckw_353_bofors_default
fr_char_2c_bis	Char FCM 2C bis	fr_char_2c_bis_default
fr_char_2c	Char FCM 2C	fr_char_2c_default
fr_citroen_kegresse_p4t	Citroen Kegresse P.7.T	fr_citroen_kegresse_p4t_default
fr_crotale_ng	Ilmatorjuntaohjus 90M	fr_crotale_ng_default
fr_crusader_mk_2	Crusader Mk.II	uk_crusader_mk_2_default
fr_cv_9035_nl	Infanteriegevechtsvoertuig CV 9035NL	fr_cv_9035_nl_default
fr_fcm_36	Char léger d'accompagnement FCM.36	fr_fcm_36_default
fr_hotchkiss_h35	Char léger modèle 1935 H	fr_hotchkiss_h35_default
fr_hotchkiss_h39	Char léger modèle 1935 H modifié 39	fr_hotchkiss_h39_default
fr_jaguar_ebrc	EBRC Jaguar	fr_jaguar_ebrc_default
fr_leclerc_azur	Leclerc AZUR	fr_leclerc_azur_default
fr_leclerc_s1	Leclerc Serie 1	fr_leclerc_s1_default
fr_leclerc_s2	Leclerc Serie 2	fr_leclerc_s2_default
fr_leclerc_sxxi	Leclerc SXXI	fr_leclerc_sxxi_default
fr_leopard_1a5be	Leopard 1A5BE	fr_leopard_1a5be_default
fr_leopard_2a4nl_les	Leopard 2A4NL Opleidings- en Trainingscommando	germ_leopard_2a4_default
fr_leopard_2a4nl	Leopard 2A4NL	fr_leopard_2a4nl_default
fr_leopard_2a5nl	Leopard 2A5NL	fr_leopard_2a5nl_default
fr_leopard_2a6nl	Leopard 2A6NL	fr_leopard_2a6nl_default
fr_lorraine_100	Canon d'assaut Lorraine de 100 mm	fr_lorraine_100_default
fr_lorraine_155	Lorraine automoteur de 155 mm modèle 1950	fr_lorraine_155_default
fr_lorraine_37l	Lorraine 37L	fr_lorraine_37l_default
fr_lorraine_40t	Char de bataille de 40 tonnes	fr_lorraine_40t_default
fr_lvt_bofors	LVT-4 Bofors	fr_lvt_bofors_default
fr_m10	3-inch Gun Motor Carriage M10	us_m10_default
fr_m36b2_cefeo	90 mm Gun Motor Carriage M36B2	fr_m36b2_cefeo_default
fr_m3a3_stuart	Light Tank M3A3 Stuart	cn_m3a3_stuart_default
fr_m44	Howitzer, Self-propelled, Full Tracked: 155-mm, M44	us_m44_default
fr_m4a1_sherman_fl_10	Sherman M4A1 tourelle FL10	fr_m4a1_sherman_fl_10_default
fr_m4a1_sherman	M4A1 Sherman	us_m4a1_1942_sherman_default
fr_m4a3_105_sherman	Medium Tank M4A3 (105) HVSS Sherman	us_m4a3_105_sherman_default
fr_m4a3e2_sherman_jumbo	Assault Tank M4A3E2 Jumbo	us_m4a3e2_sherman_jumbo_default
fr_m4a4_cn_75_50	M4A4 (SA50)	fr_m4a4_cn_75_50_default
fr_m4a4_sherman	M4A4 Sherman	cn_m4a4_sherman_default
fr_m55	Howitzer, Self-propelled, Full Tracked: 203-mm, M55	us_m55_default
fr_marder_clovis	Marder, CLOVIS, FL 20, 105 mm	germ_marder_clovis_default
fr_marder_df_105	DF105	germ_marder_df_105_default
fr_mars_15	MARS 15	fr_mars_15_default
fr_msc	Mulet Système Complet	fr_msc_default
fr_panhard_ebr_1951	Panhard E.B.R (1951)	fr_panhard_ebr_1951_default
fr_panhard_ebr_1954	Panhard E.B.R (1954)	fr_panhard_ebr_1954_default
fr_panhard_ebr_1963	Panhard E.B.R (1963)	fr_panhard_ebr_1963_default
fr_renault_d2	Char D2	fr_renault_d2_default
fr_renault_r39	Char léger d'accompagnement 1935 R (SA38)	fr_renault_r39_default
fr_samp_t_fcs	FSAF SAMP/T (Mamba), Target acquisition and designation system	fr_samp_t_launcher_default
fr_samp_t_launcher	FSAF SAMP/T (Mamba), Transporter erector launcher	fr_samp_t_launcher_default
fr_sk105_a2	SK-105A2	germ_sk105_a2_default
fr_somua_s35	Char de cavalerie SOMUA 1935 S	fr_somua_s35_default
fr_somua_sau40	Canon Automoteur de 75 mm SAu 40	fr_somua_sau40_default
fr_somua_sm	Somua SM	fr_somua_sm_default
fr_tpk_641_vpc	ACMAT TPK 6.41 VPC	fr_tpk_641_vpc_default
fr_vab_santal	Véhicule de l'Avant Blindé, SANTAL	fr_vab_santal_default
fr_vbci	VBCI (VCI)	fr_vbci_default
fr_vbci2_mct30	VBCI-2 (MCT30)	fr_vbci2_mct30_default
fr_vcac_mephisto	Véhicule de Combat Anti-Char, MEPHISTO	fr_vcac_mephisto_default
fr_vextra_105	Véhicule d'EXperimentation de TRAnsmission 105	fr_vextra_105_default
germ_a7v_event	A7V-Sturmpanzerwagen	germ_a7v_default
germ_a7v	A7V-Sturmpanzerwagen	germ_a7v_default
germ_amd_35_kwk	Pz.Sp.Wg.P204(f) KwK 38	germ_amd_35_kwk_default
germ_amd_35_kwk39	Pz.Sp.Wg.P204(f) KwK 39/1	fr_amd_35_kwk39_default
germ_apc_m113	M113	us_apc_m113_default
germ_at_gun_flak36	3.7 cm anti-aircraft gun FlaK 36	germ_at_gun_flak36_default
germ_at_gun_pak36	3.7 cm anti-tank gun mod. 1935/1936 (PaK)	germ_at_gun_pak36_default
germ_at_gun_pak38	5 cm anti-tank gun PaK 38	germ_at_gun_pak38_default
germ_at_gun_pak40	7.5 cm anti-tank gun PaK 40	germ_at_gun_pak40_default
germ_begleitpanzer_57	Begleitpanzer 57	germ_begleitpanzer_57_default
germ_beutepanzer_mk_iv_event	Schwerer Kampfwagen (Beute) Mk.IV	germ_beutepanzer_mk_iv_default
germ_beutepanzer_mk_iv	Schwerer Kampfwagen (Beute) Mk.IV	germ_beutepanzer_mk_iv_default
germ_bmp_1_ddr	SPz BMP-1	ussr_bmp_1_default
germ_boxer_3105	Boxer MGS	germ_boxer_3105_default
germ_boxer_swatrinf	Boxer Schwerer Waffenträger Infanterie	germ_boxer_swatrinf_default
germ_erprobungstrager_3_achs_turm	Erprobungsträger mit 3-achs-stabilisiertem Turm	germ_erprobungstrager_3_achs_turm_default
germ_flakpanzer_38t_gepard	Flakpanzer 38, 2 cm, Pz.Fgst.38 (t) Sf.	germ_flakpanzer_38t_Gepard_default
germ_flakpanzer_i_ausf_a	Flakpanzer I Ausf. A	germ_flakpanzer_I_ausf_A_default
germ_flakpanzer_iv_kugelblitz	Flakpanzer IV Kugelblitz	germ_flakpanzer_IV_Kugelblitz_default
germ_flakpanzer_iv_ostwind_2_net	Flakpanzer IV Ostwind II Ostfront	germ_flakpanzer_IV_Ostwind_2_default
germ_flakpanzer_iv_ostwind_2	Flakpanzer IV Ostwind II	germ_flakpanzer_IV_Ostwind_2_default
germ_flakpanzer_iv_ostwind	Flakpanzer IV Ostwind	germ_flakpanzer_IV_Ostwind_default
germ_flakpanzer_iv_wirbelwind	Flakpanzer IV Wirbelwind	germ_flakpanzer_IV_Wirbelwind_default
germ_flakpanzer_v_coelian	3,7 cm Flakzwilling auf Panther Fahrgestell, Flakpanzer 341	germ_flakpanzer_V_Coelian_default
germ_flakpanzer_zerstorer_45	Zerstörer 45	germ_flakpanzer_zerstorer_45_default
germ_flakpz_1a2_gepard	Flakpanzer I Gepard 1A2	germ_flakpz_1a2_Gepard_default
germ_flakpz_i_gepard	Flakpanzer I Gepard	germ_flakpz_I_Gepard_default
germ_flarakpz_1	FlaRakPz 1 Roland 2	germ_flarakpz_1_default
germ_flarakrad	Flugabwehrraketensystem Roland auf Radkraftfahrzeug	germ_flarakrad_default
germ_hummel	s.FH 18/1 (Sf.) auf GW III/IV, Hummel	germ_hummel_default
germ_infanterie_kampfpanzer_churchill	Infanterie-Pz.Kpfw. Mk IV (e) Churchill	uk_a_22b_mk_3_churchill_1942_default
germ_iris_slm_fcs	IRIS-T SLM, Target acquisition and designation system	germ_iris_slm_launcher_default
germ_iris_slm_launcher	IRIS-T SLM, Transporter erector launcher	germ_iris_slm_launcher_default
germ_jaguar_2	Raketenjagdpanzer Jaguar 2	germ_jaguar_2_default
germ_jgdpz_38t	Jagdpanzer 38(t) Hetzer	germ_jgdpz_38t_default
germ_jgdpz_iv_l48	Jagdpanzer IV	germ_jgdpz_IV_L48_default
germ_kanonenjagdpanzer	Hanomag-Henschel JPz 4-5	germ_jpz_4_5_default
germ_kpz_70	KPz-70	germ_kpz_70_default
germ_kpz_t72m1	KPz T-72M1	germ_kpz_t72m1_default
germ_kv_1_kwk_40	Pz.Kpfw. KW I C 756 (r)	germ_kv_1_kwk_40_default
germ_kv_1b_finland	KV-IB	ussr_kv_1e_default
germ_kv_2_754r	Pz.Kpfw. KW II 754 (r)	ussr_kv_2_1940_default
germ_le_kpz_m41	leKPz M41	germ_le_kpz_m41_default
germ_leichter_ladungstrager_303a	Leichter Ladungsträger Sd.Kfz.303a	germ_leichter_ladungstrager_303a_default
germ_leopard_1a5	Leopard 1A5	germ_leopard_1a5_default
germ_leopard_2_pt14	KPz Prototyp PT-16/T14 mod.	germ_leopard_2_pt14_default
germ_leopard_2a4_pzbtl_123	Leopard 2A4, Panzerbataillon 123	germ_leopard_2a4_pzbtl_123_default
germ_leopard_2a4	Leopard 2A4	germ_leopard_2a4_default
germ_leopard_2a4m_can_sm	Leopard 2A4M CAN	germ_leopard_2a4m_can_default
germ_leopard_2a4m_can	Leopard 2A4M CAN	germ_leopard_2a4m_can_default
germ_leopard_2a5_pso	Leopard 2 PSO	germ_leopard_2a5_pso_default
germ_leopard_2a5_yt_cup_2019	Leopard 2A5	germ_leopard_2a5_default
germ_leopard_2a5	Leopard 2A5	germ_leopard_2a5_default
germ_leopard_2a6	Leopard 2A6	germ_leopard_2a6_default
germ_leopard_2a7v	Leopard 2A7V	germ_leopard_2a7v_default
germ_leopard_2av	KPz Leopard 2AV, PT-19/T19-AV	germ_leopard_2av_default
germ_leopard_2k	Leopard 2K	germ_leopard_2k_default
germ_leopard_2pl	Leopard 2PL	germ_leopard_2pl_default
germ_leopard_a1a1_120	Leopard A1A1 (L/44)	germ_leopard_a1a1_120_default
germ_leopard_c2_mexas	Leopard C2A1 MEXAS	germ_leopard_c2_mexas_default
germ_leopard_i_a1	Leopard A1A1	germ_leopard_I_a1_default
germ_leopard_i	Leopard I	germ_leopard_I_default
germ_m109g	M109G	germ_m109g_default
germ_m44	Panzerhaubitze M44	us_m44_default
germ_m55	Howitzer, Self-propelled, Full Tracked: 203-mm, M55	us_m55_default
germ_machinegun_mg_08	MG08	germ_machinegun_mg_08_default
germ_marder_1a1	SPz Marder A1-	germ_marder_1a1_default
germ_marder_1a3	Marder 1A3	germ_marder_1a3_default
germ_marder_clovis	Marder, CLOVIS, FL 20, 105 mm	germ_marder_clovis_default
germ_marder_df_105	DF105	germ_marder_df_105_default
germ_mkpz_m47	mKPz M47 G	germ_mkpz_m47_default
germ_mkpz_m48a2c	M48A2 C	germ_mkpz_m48a2c_default
germ_mkpz_m48a2ga2	M48A2 G A2	germ_mkpz_m48a2ga2_default
germ_mkpz_super_m48	Kampfpanzer M48 Super	germ_mkpz_super_m48_default
germ_nbfz_vi	Neubaufahrzeug	germ_nbfz_VI_default
germ_panther_ii_tutorial	Pz.Kpfw. Panther II	germ_panther_II_tutorial_default
germ_panther_ii	Pz.Kpfw. Panther II	germ_panther_II_default
germ_panzerbefelhswagen_iv_ausf_j	Pz.Bef.Wg.IV Ausf. J	germ_pzkpfw_IV_ausf_J_default
germ_panzerbefelhswagen_jagdpanther	Panzerbefehlswagen Jagdpanther Ausf.G1	germ_panzerjager_panther_default
germ_panzerbefelhswagen_vi_p	Panzerbefehlswagen VI P	germ_panzerbefelhswagen_VI_P_default
germ_panzerjager_1	4,7 cm Pak(t) auf Pz.I Ausf.B	germ_panzerjager_1_default
germ_panzerjager_panther	Jagdpanther, Panzerjaeger Panther (8.8cm) Ausf.G1	germ_panzerjager_panther_default
germ_panzerjager_tiger_p_elefant	Panzerjäger Tiger (P) Elefant	germ_panzerjager_tiger_P_elefant_default
germ_panzerjager_tiger_p_ferdinand	Panzerjäger Tiger (P) Ferdinand	germ_panzerjager_tiger_P_ferdinand_default
germ_panzerjager_tiger	Jagdpanzer VI Jagdtiger	germ_panzerjager_tiger_default
germ_panzerwerfer_42	15 cm Pz.W.42 (15 cm Nb.W.41) auf Sf.	germ_panzerwerfer_42_default
germ_pz_iv_l70_a	Panzer IV/70(A)	germ_pz_IV_L70_A_default
germ_pz_iv_l70	Panzer IV/70(V)	germ_pz_IV_L70_default
germ_pzh_2000	PzH 2000	germ_pzh_2000_default
germ_pzkpfw_35t	Pz.Kpfw. 35(t)	germ_pzkpfw_35t_default
germ_pzkpfw_38t_aufklarungspanzer	Aufklärungspanzer 38(t)	germ_pzkpfw_38t_Aufklarungspanzer_default
germ_pzkpfw_38t_ausf_a	Pz.Kpfw. 38(t) Ausf. A	germ_pzkpfw_38t_ausf_A_default
germ_pzkpfw_38t_ausf_f	Pz.Kpfw. 38(t) Ausf. F	germ_pzkpfw_38t_ausf_A_default
germ_pzkpfw_38t_marder_iii_ausf_h	PaK40/3 auf Sfl.38 Ausf. H	germ_pzkpfw_38t_Marder_III_ausf_H_default
germ_pzkpfw_38t_marder_iii	Marder III	germ_pzkpfw_38t_Marder_III_default
germ_pzkpfw_38t_na	Pz.38(t) n.A.	germ_pzkpfw_38t_na_default
germ_pzkpfw_e_100	Pz.Kpfw. E-100	germ_pzkpfw_e_100_default
germ_pzkpfw_ii_ausf_c_dak	Pz.Kpfw.II Ausf. C (DAK)	germ_pzkpfw_II_ausf_C_default
germ_pzkpfw_ii_ausf_c_td	Pz.Kpfw. II Ausf. C TD	germ_pzkpfw_II_ausf_C_default
germ_pzkpfw_ii_ausf_c	Pz.Kpfw. II Ausf. C	germ_pzkpfw_II_ausf_C_default
germ_pzkpfw_ii_ausf_f	Pz.Kpfw. II Ausf. F	germ_pzkpfw_II_ausf_F_default
germ_pzkpfw_ii_ausf_h	5 cm Pak38 auf Pz.Kpfw.II Sonderfahrgestell 901	germ_pzkpfw_II_ausf_H_default
germ_pzkpfw_iii_ausf_b	Pz.Kpfw. III Ausf. B	germ_pzkpfw_III_ausf_B_default
germ_pzkpfw_iii_ausf_e	Pz.Kpfw. III Ausf. E	germ_pzkpfw_III_ausf_E_default
germ_pzkpfw_iii_ausf_f	Pz.Kpfw. III Ausf. F	germ_pzkpfw_III_ausf_F_default
germ_pzkpfw_iii_ausf_j_l42	Pz.Kpfw. III Ausf. J	germ_pzkpfw_III_ausf_F_default
germ_pzkpfw_iii_ausf_j_td	Pz.III J1 TD	germ_pzkpfw_III_ausf_L_default
germ_pzkpfw_iii_ausf_j	Pz.Kpfw. III Ausf. J1	germ_pzkpfw_III_ausf_L_default
germ_pzkpfw_iii_ausf_l_tutorial	Pz.Kpfw. III Ausf. L	germ_pzkpfw_III_ausf_L_default
germ_pzkpfw_iii_ausf_l	Pz.Kpfw. III Ausf. L	germ_pzkpfw_III_ausf_L_default
germ_pzkpfw_iii_ausf_m	Pz.Kpfw. III Ausf. M	germ_pzkpfw_III_ausf_M_default
germ_pzkpfw_iii_ausf_n	Pz.Kpfw. III Ausf. N	germ_pzkpfw_III_ausf_N_default
germ_pzkpfw_iv_ausf_c	Pz.Kpfw. IV Ausf. C	germ_pzkpfw_IV_ausf_C_default
germ_pzkpfw_iv_ausf_e	Pz.Kpfw. IV Ausf. E	germ_pzkpfw_IV_ausf_E_default
germ_pzkpfw_iv_ausf_f	Pz.Kpfw. IV Ausf. F1	germ_pzkpfw_IV_ausf_F_default
germ_pzkpfw_iv_ausf_f2	Pz.Kpfw. IV Ausf. F2	germ_pzkpfw_IV_ausf_F2_default
germ_pzkpfw_iv_ausf_g	Pz.Kpfw. IV Ausf. G	germ_pzkpfw_IV_ausf_G_default
germ_pzkpfw_iv_ausf_h	Pz.Kpfw. IV Ausf. H	germ_pzkpfw_IV_ausf_H_default
germ_pzkpfw_iv_ausf_j	Pz.Kpfw. IV Ausf. J	germ_pzkpfw_IV_ausf_J_default
germ_pzkpfw_maus	Pz.Kpfw. VIII Maus	germ_pzkpfw_maus_default
germ_pzkpfw_v_ausf_a_panther	Pz.Kpfw. V Ausf. A	germ_pzkpfw_V_ausf_a_panther_default
germ_pzkpfw_v_ausf_d_panther_tutorial	Pz.Kpfw. V Ausf. D	germ_pzkpfw_V_ausf_d_panther_default
germ_pzkpfw_v_ausf_d_panther	Pz.Kpfw. V Ausf. D	germ_pzkpfw_V_ausf_d_panther_default
germ_pzkpfw_v_ausf_f_panther	Pz.Kpfw. V Ausf. F	germ_pzkpfw_V_ausf_f_panther_default
germ_pzkpfw_v_ausf_g_panther	Pz.Kpfw. V Ausf. G	germ_pzkpfw_V_ausf_g_panther_default
germ_pzkpfw_v_ersatz_m10	Ersatz M10 Panther	germ_pzkpfw_V_ersatz_m10_default
germ_pzkpfw_vi_ausf_b_tiger_iih_kwk46	Pz.Kpfw. Tiger Ausf. B mit 10.5cm KwK L/68	germ_pzkpfw_VI_ausf_b_tiger_IIh_kwk46_default
germ_pzkpfw_vi_ausf_b_tiger_iih_sla	Pz.Kpfw. Tiger Ausf. B mit Simmering Sla.16	germ_pzkpfw_VI_ausf_b_tiger_II_sla_default
germ_pzkpfw_vi_ausf_b_tiger_iih	Pz.Kpfw. Tiger Ausf. B	germ_pzkpfw_VI_ausf_b_tiger_II_default
germ_pzkpfw_vi_ausf_b_tiger_iip	Pz.Kpfw. Tiger Ausf. B Turm Nr.1-50	germ_pzkpfw_VI_ausf_b_tiger_II_default
germ_pzkpfw_vi_ausf_e_tiger	Pz.Kpfw. VI Tiger Ausf. E	germ_pzkpfw_VI_ausf_e_tiger_default
germ_pzkpfw_vi_ausf_h1_tiger_animal_version	Tiger	germ_pzkpfw_VI_ausf_h1_tiger_default
germ_pzkpfw_vi_ausf_h1_tiger_east	Pz.Kpfw. VI Tiger Ausf. H1 Ostfront	germ_pzkpfw_VI_ausf_h1_tiger_default
germ_pzkpfw_vi_ausf_h1_tiger_tutorial	Pz.Kpfw. VI Tiger Ausf. H1	germ_pzkpfw_VI_ausf_h1_tiger_default
germ_pzkpfw_vi_ausf_h1_tiger_west	Pz.Kpfw. VI Tiger Ausf. H1 Westfront	germ_pzkpfw_VI_ausf_h1_tiger_default
germ_pzkpfw_vi_ausf_h1_tiger	Pz.Kpfw. VI Tiger Ausf. H1	germ_pzkpfw_VI_ausf_h1_tiger_default
germ_pzkpfw_vi_tiger_p	VK 45.01 (P)	germ_pzkpfw_VI_tiger_P_default
germ_radpanzer_90	Radkampfwagen 90	germ_radpanzer_90_default
germ_raketenjagdpanzer_2_hot	Raketenjagdpanzer 2 (HOT)	germ_raketenjagdpanzer_2_hot_default
germ_raketenjagdpanzer_2	Raketenjagdpanzer 2	germ_raketenjagdpanzer_2_default
germ_ru251	Spähpanzer Ru 251	germ_ru251_default
germ_schutzenpanzer_puma_vjtf_mod	Schützenpanzer Puma VJTF u14	germ_schutzenpanzer_puma_vjtf_mod_default
germ_schutzenpanzer_puma_vjtf	Schützenpanzer Puma VJTF	germ_schutzenpanzer_puma_vjtf_default
germ_schutzenpanzer_puma	Schützenpanzer Puma	germ_schutzenpanzer_puma_default
germ_sdkfz_221_s_pz_b_41	le.Pz.Sp.Wg. (s.Pz.B.41) Sd.Kfz.221	germ_sdkfz_221_s_pz_b_41_default
germ_sdkfz_222	le.Pz.Sp.Wg. (2 cm) Ausf.B 5.Serie	germ_sdkfz_222_default
germ_sdkfz_234_1	s.Pz.Sp.Wg. (2 cm KwK 30 L/55) Sd.Kfz. 234/1	germ_sdkfz_234_1_default
germ_sdkfz_234_2_td	s.Pz.Sp.Wg. (5 cm 39/1 L60) Sd.Kfz.234/2 TD	germ_sdkfz_234_2_default
germ_sdkfz_234_2	s.Pz.Sp.Wg. (5 cm 39/1 L60) Sd.Kfz.234/2	germ_sdkfz_234_2_default
germ_sdkfz_234_3	s.Pz.Sp.Wg. (7,5 cm) Sd.Kfz.234/3	germ_sdkfz_234_3_default
germ_sdkfz_234_4	s.Pz.Sp.Wg. (7,5 cm) Sd.Kfz.234/4	germ_sdkfz_234_4_default
germ_sdkfz_251_10	m.Schütz.Pz.Wg. (Sd.Kfz.251/10)	germ_sdkfz_251_10_default
germ_sdkfz_251_21	m.Schütz.Pz.Wg. (Sd.Kfz.251/21)	germ_sdkfz_251_21_default
germ_sdkfz_251_22	m.Schütz.Pz.Wg. (Sd.Kfz.251/22)	germ_sdkfz_251_22_default
germ_sdkfz_251_9	m.Schütz.Pz.Wg. (Sd.Kfz.251/9)	germ_sdkfz_251_9_default
germ_sdkfz_6_2_flak36	3.7-cm Flak 36 auf Selbstfahrlafette Sd.Kfz. 6/2	germ_sdkfz_6_2_flak36_default
germ_sdkfz_9_flak37	8.8cm Flak 37 Selbstfahrlafette auf 18 ton Zugkraftwagen	germ_sdkfz_9_flak37_default
germ_sk105_a2	JaPz.K A2	germ_sk105_a2_default
germ_sppz2_luchs_a2	Spähpanzer Luchs A2	germ_sppz2_luchs_a2_default
germ_spz_12_3	Schützenpanzer 12-3 mit Leichtgeschütz	germ_spz_12_3_default
germ_spz_oerlikon_raketenautomat	Raketenautomat	germ_spz_oerlikon_raketenautomat_default
germ_stug_iii_ausf_a	Sturmgeschütz III Ausf. A	germ_stug_III_ausf_A_default
germ_stug_iii_ausf_f	Sturmgeschütz III Ausf. F	germ_stug_III_ausf_F_default
germ_stug_iii_ausf_g	Sturmgeschütz III Ausf. G	germ_stug_III_ausf_G_default
germ_stuh_iii_ausf_g	Sturmhaubitze 42 Ausf. G	germ_stuh_III_ausf_G_default
germ_sturmmorser_sturmtiger_event	38 cm Sturmmörser	germ_sturmmorser_sturmtiger_default
germ_sturmmorser_sturmtiger	38 cm Sturmmörser	germ_sturmmorser_sturmtiger_default
germ_sturmpanzer_ii	15cm sIG 33 B Sfl	germ_sturmpanzer_II_default
germ_t_34_747	Pz.Kpfw. T 34 747 (r)	germ_t_34_747_default
germ_th_400	R400	germ_th_400_default
germ_th_800_bismark	TH800	germ_th_800_bismark_default
germ_thyssen_henschel_tam_2c	Tanque Argentino Mediano 2C	germ_thyssen_henschel_tam_2c_default
germ_thyssen_henschel_tam_2ip	Tanque Argentino Mediano 2IP	germ_thyssen_henschel_tam_2ip_default
germ_thyssen_henschel_tam	Tanque Argentino Mediano	germ_thyssen_henschel_tam_default
germ_truck_sdkfz_6_2_tent	Sd.Kfz. 6	germ_truck_sdkfz_6_2_tent_default
germ_vilkas	Pėstininkų kovos mašina Vilkas	germ_vilkas_default
germ_vk_3002m	VK 3002 (M)	germ_vk_3002m_default
germ_vsw_flak_41	Versuchsflakwagen	germ_vsw_flak_41_default
germ_vt_1_2	Doppelrohr-Kasemattpanzer Versuchsträger VT1-2	germ_vt_1_2_default
germ_waffentrager_krupp_steyr	Waffenträger Krupp-Steyr mit Pak 43	germ_waffentrager_krupp_steyr_default
germ_wiesel_1_mk20	Waffenträger Wiesel 1A4 MK	germ_wiesel_1_mk20_default
germ_wiesel_1_tow	Waffenträger Wiesel 1A2 TOW	germ_wiesel_1_tow_default
germ_wiesel_2_adwc	Leichtes Flugabwehrsystem Ozelot	germ_wiesel_2_adwc_default
il_aml_90	AML-90	fr_aml_90_default
il_amx_13_75	AMX-13	fr_amx_13_75_default
il_centurion_mk_5_shot	Sho't	il_centurion_mk_5_shot_default
il_centurion_shot_kal_alef	Sho't Kal Alef	il_centurion_shot_kal_alef_default
il_centurion_shot_kal_d	Sho't Kal Dalet	uk_centurion_shot_kal_d_default
il_centurion_shot_kal_gimel	Sho't Kal Gimel	il_centurion_shot_kal_gimel_default
il_eitan	Eitan Prototype	il_eitan_default
il_hunter_afv	Hunter AFV	il_hunter_afv_default
il_m_51_w	M-51 (W)	il_m_51_w_default
il_m_51	M-51	il_m_51_w_default
il_m109	M109	il_m109_default
il_m109a1	M109A1 Rochev	il_m109a1_default
il_m113_hvms	Bardelas/60mm HVMS	il_m113_hvms_default
il_m113a1_tow	M113A1 TOW Giraf	it_m113a1_tow_default
il_m163_vulcan	Hovet	us_m163_vulcan_default
il_m48a1_patton_iii	Magach 1	us_m48a1_patton_III_default
il_machbet	Machbet	il_machbet_default
il_magach_2	Magach 2	il_magach_2_default
il_magach_3_idf	Magach 3	il_magach_3_idf_default
il_magach_3	Magach 3 (ERA)	us_magach_3_default
il_magach_5	Magach 5	il_magach_5_default
il_magach_6_rocket	Magach 6R Hydra	il_magach_6_rocket_default
il_magach_6	Magach 6	il_magach_6_default
il_magach_6a	Magach 6A	il_magach_6a_default
il_magach_6b_gal_batash	Magach 6B Gal Batash	il_magach_6b_gal_batash_default
il_magach_6b_gal	Magach 6B Gal	il_magach_6b_gal_default
il_magach_6b	Magach 6B	il_magach_6b_default
il_magach_6c	Magach 6C	il_magach_6c_default
il_magach_6m	Magach 6M	il_magach_6m_default
il_magach_6r	Magach 6R	il_magach_6r_default
il_magach_7c	Magach 7C	il_magach_7c_default
il_merkava_mk_1	Merkava Siman 1	us_merkava_mk_1_default
il_merkava_mk_1b	Merkava Siman 1 Bet	il_merkava_mk_1b_default
il_merkava_mk_2b_early	Merkava Siman 2 Bet	il_merkava_mk_2b_early_default
il_merkava_mk_2d	Merkava Siman 2 Bet Dor Dalet	il_merkava_mk_2d_default
il_merkava_mk_3_raam_segol	Merkava Siman 3 Ra'am Sagol	il_merkava_mk_3_raam_segol_default
il_merkava_mk_3b	Merkava Siman 3 Bet	il_merkava_mk_3b_default
il_merkava_mk_3c	Merkava Siman 3 Bet Baz	il_merkava_mk_3c_default
il_merkava_mk_4_lic	Merkava Siman 4 LIC	il_merkava_mk_4b_default
il_merkava_mk_4b	Merkava Siman 4 Baz	il_merkava_mk_4b_default
il_merkava_mk_4m	Merkava Siman 4M	il_merkava_mk_4m_default
il_mim_72_chaparral	Improved Chaparral	us_mim_72_chaparral_default
il_namer_rcws_30	Namer RCWS-30	il_namer_rcws_30_default
il_namer_tsrikhon	Namer Tsrikhon	il_namer_tsrikhon_default
il_sabra_mk1	Sabra Mk.I	il_sabra_mk1_default
il_sholef	Sholef V1	il_sholef_default
il_spyder_aio	SPYDER AIO	il_spyder_aio_default
il_ss_11_halftrack	Zachlam Tager	il_ss_11_halftrack_default
il_tcm_20	TCM-20	il_tcm_20_default
il_tiran_4_sh	Tiran 4S	il_tiran_4_sh_default
il_tiran_4	Tiran 4	il_tiran_4_default
il_tiran_6	Tiran 6	il_tiran_6_default
il_zsu_57_2	ZSU-57-2	ussr_zsu_57_2_default
it_2s1	2S1	ussr_2s1_default
it_39m_csaba	39.M Csaba	it_39m_csaba_default
it_40_43m_zrinyi_2	40/43.M Zrinyi II	it_40_43m_zrinyi_2_default
it_40m_turan_1	40.M Turan I	it_40m_turan_1_default
it_41m_turan_2	41.M Turan II	it_41m_turan_2_default
it_43m_turan_3	43.M Turan III	it_43m_turan_3_default
it_44m_zrinyi_1	44M Zrinyi I	it_44m_zrinyi_1_default
it_ab_41	Fiat-Ansaldo Autoblinda 41	it_ab_41_default
it_ab_43	Fiat-Ansaldo Autoblinda 43	it_ab_43_default
it_ariete_amv_pt1	Ariete AMV PT1	it_ariete_amv_pt1_default
it_aubl_74_60_70m	FIAT AUBL/74 60/70M	it_aubl_74_60_70m_default
it_b1_centauro_romor	Blindo pesante Centauro, Serie 2, ROMOR	it_b1_centauro_romor_default
it_b1_centauro	Blindo pesante Centauro, Preserie	it_b1_centauro_default
it_breda_52_autocannone	Autocannone da 90/53 su Breda 52	it_breda_52_autocannone_default
it_btr_80a_hungary	BTR-80A	it_btr_80a_hungary_default
it_c1_ariete_certezza	C1 Ariete Certezza	it_c1_ariete_certezza_default
it_c1_ariete_preserie	C1 Ariete (Preserie)	it_c1_ariete_preserie_default
it_c1_ariete_pso	C1 Ariete PSO	it_c1_ariete_default
it_c1_ariete	C1 Ariete	it_c1_ariete_default
it_c13_t90	OTO C13 T90	it_c13_t90_default
it_c13_tua	OTO C13/TUA	it_c13_tua_default
it_centauro_2	Blindo pesante Centauro II, Prototipo	it_centauro_2_default
it_centauro_mgs_120	Blindo Pesante Centauro, 120 mm	it_centauro_mgs_120_default
it_centauro_rgo_120	Blindo pesante Centauro, Serie 3, HITFACT 120 RGO	it_centauro_rgo_120_default
it_dardo_vcc	Veicolo Corazzato da Combattimento DARDO	it_dardo_vcc_default
it_fiat_6614_106sr	FIAT 6614 (M40A1)	it_fiat_6614_106sr_default
it_fiat_6614_firos	FIAT 6614 FIROS 6	it_fiat_6614_firos_default
it_fiat_6616_cockerill	FIAT AUBL/74	it_fiat_6616_cockerill_default
it_fiat_6616_ub	FIAT Tipo 6616UB-16	it_fiat_6616_cockerill_default
it_fiat_cm52	Complesso da 12.7mm su CM 52	it_fiat_cm52_default
it_freccia_hitfist_ows	Veicolo Blindato Medio 8x8 Freccia, HITFIST OWS 30	it_freccia_hitfist_ows_default
it_freccia	Veicolo Blindato Medio 8x8 Freccia, Combat c/c Spike	it_freccia_default
it_kf_41	KF41	it_kf_41_default
it_l3_cc	Carro Armato L3 Contro Carro	it_L3_CC_default
it_l6_leone	Carro Armato modello L6, 31 Reggimento Carristi	it_l6_default
it_l6	Carro Armato modello L6	it_l6_default
it_lancia3ro_100	100/17 su Lancia 3Ro	it_lancia3ro_100_default
it_leopard_1a2	Leopard 1A2	it_leopard_1a2_default
it_leopard_1a5	Leopard 1A5	it_leopard_1a5_default
it_leopard_2a4	Leopard 2A4	it_leopard_2a4_default
it_leopard_2a7_hungary	Leopard 2A7HU	germ_leopard_2a7v_default
it_leopard_bofors	Semovente contraereo da 40/70 su scafo Leopard 1A2	it_leopard_bofors_default
it_m109g	Obice da 155/23 Semovente M109G	it_m109g_default
it_m11_39	Fiat-Ansaldo M11/39	it_m11_39_default
it_m113a1_tow	OTO Melara VTC M113A1 TOW	it_m113a1_tow_default
it_m13_40_serie_1	Fiat-Ansaldo M13/40 I Serie	it_m13_40_serie_1_default
it_m13_40_serie_2	Fiat-Ansaldo M13/40 II Serie	it_m13_40_serie_2_default
it_m13_40_serie_3	Fiat-Ansaldo M13/40 III Serie	it_m13_40_serie_3_default
it_m14_41_47_40	Fiat-Ansaldo M14/41 (47/40)	it_m14_41_47_40_default
it_m14_41	Fiat-Ansaldo M14/41	it_m14_41_default
it_m15_42_contraereo	Semovente M42 Contraereo	it_m15_42_contraereo_default
it_m15_42	Fiat-Ansaldo M15/42	it_m15_42_default
it_m18_hellcat	Cannone da 76/52 Semovente M18	us_m18_hellcat_default
it_m24_chaffee	Carro Armato Leggero M24	us_m24_chaffee_default
it_m26a1_pershing	Carro Armato M26A1	it_m26a1_pershing_default
it_m36b1	Cannone da 90/50 Semovente M36B1	it_m36b1_default
it_m3a3_stuart	Carro Armato Leggero M3A3	cn_m3a3_stuart_default
it_m44	Semovente M44 da 155/23	us_m44_default
it_m47_105	M47 (105/55) OTO	it_m47_105_default
it_m4a4_sherman	Carro Armato Medio «Sherman» Tipo V	cn_m4a4_sherman_default
it_m55	Howitzer, Self-propelled, Full Tracked: 203-mm, M55	us_m55_default
it_of_40_mk_1	Carro Armato OTO Melara OF-40	it_of_40_mk_1_default
it_of_40_mk_2a	Carro Armato OTO Melara OF-40 Mk.2A	it_of_40_mk_2a_default
it_of_40_mtca	Carro Armato OTO Melara OF-40 (MTCA)	it_of_40_mk_2a_default
it_oto_r3_106sr	OTO R3 T106 FA	it_oto_r3_106sr_default
it_oto_r3_t20_fa	OTO R3 T20 FA-HS	it_oto_r3_t20_fa_default
it_otobreda_sidam_25_mistral	Sistema Italiano Difesa Aerea Mobile, 25mm (Mistral)	it_otobreda_sidam_25_mistral_default
it_otobreda_sidam_25	Sistema Italiano Difesa Aerea Mobile, 25mm	it_otobreda_sidam_25_default
it_otomatic	OTO Main Anti-aircraft Tank for Intercept and Combat	it_otomatic_default
it_p_40	Fiat-Ansaldo P40	it_p_26_40_default
it_palmaria	Semovente d'artiglieria Otobreda Palmaria 155mm	it_palmaria_default
it_pzh_2000_hu	PzH 2000HU	germ_pzh_2000_default
it_pzkpfw_iii_ausf_n	Pz.III N	it_pzkpfw_III_ausf_N_default
it_pzkpfw_iv_ausf_g	Pz.IV G	it_pzkpfw_IV_ausf_G_default
it_pzkpfw_vi_ausf_e_tiger	Tigris	germ_pzkpfw_VI_ausf_e_tiger_default
it_sahariano	Carro Armato M Celere Sahariano	it_sahariano_default
it_samp_t_fcs	FSAF SAMP/T, Target acquisition and designation system	it_samp_t_launcher_default
it_samp_t_launcher	FSAF SAMP/T, Transporter erector launcher	it_samp_t_launcher_default
it_semovente_breda_501	Semovente Ruotato da 90/53 Breda 501	it_semovente_breda_501_default
it_semovente_l40	Fiat-Ansaldo Semovente L40 da 47/32	it_semovente_l40_default
it_semovente_m41_75_18	Semovente 75/18 M41	it_semovente_m41_75_18_default
it_semovente_m41_75_32	Semovente 75/32 M41	it_semovente_m41_75_32_default
it_semovente_m41m_90	Semovente 90/53 M41M	it_semovente_m41m_90_default
it_semovente_m42_75_34	Semovente 75/34 M42	it_semovente_m42_75_34_default
it_semovente_m43_105	Semovente 105/25 M43	it_semovente_m43_105_default
it_semovente_m43_75_34	Semovente 75/34 M43	it_semovente_m43_75_34_default
it_semovente_m43_75_46	Semovente 75/46 M43	it_semovente_m43_75_46_default
it_sherman_75_37	Carro Armato Medio «Sherman» Tipo I (Composito)	it_sherman_75_37_default
it_sherman_vc_firefly	Carro Armato Medio «Sherman» Tipo Vc	it_sherman_vc_firefly_default
it_sherman_vii	Carro Medio «Sherman» Tipo Ic (composito)	it_sherman_VII_default
it_stug_iii_ausf_g	StuG III G	it_stug_III_ausf_G_default
it_t_72m1	T-72M1	germ_kpz_t72m1_default
it_toldi_ii_a	Toldi IIA	it_toldi_II_a_default
it_vbc_pt2	Veicolo Blindato da Combattimento, Prototipo 2, «combat»	it_vbc_pt2_default
it_vcc_80_hitfist_30	VCC-80 (HITFIST 30)	it_vcc_80_hitfist_30_default
it_vcc_80_hitfist_60	VCC-80 (HITFIST 60/70)	it_vcc_80_hitfist_60_default
it_vrcc_centauro	Vehículo de Reconocimiento y Combate de Caballería Centauro	it_vrcc_centauro_default
it_zsu_23_4	ZSU-23-4V	ussr_zsu_23_4_default
it_zsu_57_2	ZSU-57-2	ussr_zsu_57_2_default
jp_at_37mm_type_1	37 mm anti-tank gun Type 1	germ_at_gun_pak36_default
jp_btr_3e1	BTR-3E1	jp_btr_3e1_default
jp_halftrack_m16	Multiple Gun Motor Carriage M16	us_halftrack_m16_default
jp_hiro_sha	Type 95 Experimental 12cm Self-Propelled Gun	jp_hiro_sha_default
jp_icv_ifv_prototype	Type 24 ICV (P)	jp_icv_prototype_default
jp_icv_prototype	Type 25 RCV (P)	jp_icv_prototype_default
jp_leopard_2ri	Leopard 2RI	germ_leopard_2pl_default
jp_m163_vulcan	Gun, Air Defence Artillery, Self-Propelled: 20-mm, M163	us_m163_vulcan_default
jp_m19	Twin Gun Motor Carriage M19A1	us_m19_default
jp_m24_chaffee	Light Tank M24 SDF	us_m24_chaffee_default
jp_m36b2_jgsdf	90-mm Gun Motor Carriage M36, SDF	jp_m36b2_jgsdf_default
jp_m41_walker_bulldog	Light Tank M41 SDF	jp_m41_walker_bulldog_default
jp_m42_duster	Twin 40 mm Self-Propelled Gun M42 Duster	jp_m42_duster_default
jp_m44	Howitzer, Self-propelled, Full Tracked: 155-mm, M44	us_m44_default
jp_m47_patton_ii	90 mm Gun Tank M47 Patton II	us_m47_patton_II_default
jp_m4a3e8_76w_sherman	Medium Tank M4A3 (76) W HVSS Sherman	jp_m4a3e8_76w_sherman_default
jp_m60a3_tts	105 mm Gun Tank M60A3 TTS	cn_m60a3_tts_default
jp_navy_120mm_spg	Type 97 Chi-Ha Long Gun	jp_navy_120mm_spg_default
jp_oplot_t	BM Oplot-T	jp_oplot_t_default
jp_pzkpfw_vi_ausf_e_tiger	Heavy Tank No.6	jp_pzkpfw_VI_ausf_e_tiger_default
jp_st_a1	ST-A1	jp_st_a1_default
jp_st_a2	ST-A2	jp_st_a2_default
jp_st_a3	ST-A3	jp_st_a3_default
jp_st_b1	STB-2	jp_st_b1_default
jp_stingray	Stingray	jp_stingray_default
jp_sub_i_ii_20mm	Mitsubishi SUB-I-II	jp_sub_i_ii_20mm_default
jp_tkx_prot	TKX	jp_tkx_prot_default
jp_truck_type_94_isuzu	Isuzu Type-94	jp_truck_type_94_isuzu_default
jp_type_03_chusam_fcs	Type 03 Chu-SAM, Target acquisition and designation system	jp_type_03_chusam_launcher_default
jp_type_03_chusam_launcher	Type 03 Chu-SAM, Transporter erector launcher	jp_type_03_chusam_launcher_default
jp_type_1_chi_he_5th_regiment	Type 1 Chi-He (5th Regiment)	jp_type_1_chi_he_default
jp_type_1_chi_he	Type 1 Chi-He	jp_type_1_chi_he_default
jp_type_10_prototype	TKX (P)	jp_type_10_prototype_default
jp_type_10	Type 10	jp_type_10_default
jp_type_16_mcv_prot	Type 16, Prototype	jp_type_16_mcv_prot_default
jp_type_16_mod	Type 16, First Production Serie	jp_type_16_default
jp_type_16	Type 16	jp_type_16_default
jp_type_2_ho_i	Type 2 Ho-I	jp_type_2_ho_i_default
jp_type_2_ho_ni_2	Type 1 Ho-Ni II	jp_type_2_ho_ni_2_default
jp_type_2_ka_mi	Type 2 Ka-Mi	jp_type_2_ka_mi_default
jp_type_3_chi_nu_75cm_type_5	Chi-Nu II	jp_type_3_chi_nu_75cm_type_5_default
jp_type_3_chi_nu	Type 3 Chi-Nu	jp_type_3_chi_nu_default
jp_type_3_ho_ni_i	Type 1 Ho-Ni I	jp_type_3_ho_ni_I_default
jp_type_3_ho_ni_iii	Type 3 Ho-Ni III	jp_type_3_ho_ni_III_default
jp_type_3_ka_chi	Type 3 Ka-Chi	jp_type_3_ka_chi_default
jp_type_4_chi_to_late	Type 4 Chi-To Late	jp_type_4_chi_to_late_default
jp_type_4_chi_to	Type 4 Chi-To	jp_type_4_chi_to_default
jp_type_4_ho_ro	Type 4 Ho-Ro	jp_type_4_ho_ro_default
jp_type_5_chi_ri	Type 5 Chi-Ri	jp_type_5_chi_ri_default
jp_type_5_ho_ri_production	Type 5 Ho-Ri Production	jp_type_5_ho_ri_production_default
jp_type_5_ho_ri_prototype	Type 5 Ho-Ri Prototype	jp_type_5_ho_ri_prototype_default
jp_type_5_na_to	Type 5 Na-To	jp_type_5_na_to_default
jp_type_60_atm	Type 60 ATM	jp_type_60_atm_default
jp_type_60_sprg	Type 60 Self-Propelled Recoilless Gun (C)	jp_type_60_sprg_default
jp_type_61_mod	Type 61 (B)	jp_type_61_default
jp_type_61	Type 61	jp_type_61_default
jp_type_74_c	Type 74 (C)	jp_type_74_c_default
jp_type_74_f	Type 74 (F)	jp_type_74_f_default
jp_type_74_mod_g_kai	Type 74 mod G/Kai	jp_type_74_kai_default
jp_type_74_red_star	Type 74 (C) Red Star	jp_type_74_c_default
jp_type_74	Type 74 (E)	jp_type_74_default
jp_type_75_mlrs	Type 75 MLRS	jp_type_75_mlrs_default
jp_type_75	Type 75 SPH	jp_type_75_default
jp_type_81_tansam_fcs	Tan-SAM Kai, Target acquisition and designation system	jp_type_81_tansam_default
jp_type_81_tansam_launcher	Tan-SAM Kai, Transporter erector launcher	jp_type_81_tansam_default
jp_type_81_tansam	Type 81 (C) Tan-SAM Kai	jp_type_81_tansam_default
jp_type_87_rcv_prot	Type 87 RCV (P)	jp_type_87_rcv_prot_default
jp_type_87_rcv	Type 87 RCV	jp_type_87_rcv_default
jp_type_87	Twin 35 mm Self-Propelled Gun Type 87	jp_type_87_default
jp_type_89	Type 89	jp_type_89_default
jp_type_89b_i_go_otsu	Type 89b I-Go Ko	jp_type_89b_i_go_otsu_default
jp_type_90	Type 90	jp_type_90_default
jp_type_90b_camo	Type 90 (B) Fuji School Brigade, Tank School Unit, 3rd Co.	jp_type_90b_camo_default
jp_type_90b_sm	Type 90 (B)	jp_type_90b_sm_default
jp_type_90b	Type 90 (B)	jp_type_90_default
jp_type_93	Type 93	jp_type_93_default
jp_type_94	Isuzu Type 94	jp_type_94_default
jp_type_95_ha_go_commander	Type 95 Ha-Go Commander	jp_type_95_ha_go_default
jp_type_95_ha_go	Type 95 Ha-Go	jp_type_95_ha_go_default
jp_type_95_heavy	Type 95 Ro-Go	jp_type_95_heavy_default
jp_type_95_so_ki	So-Ki	jp_type_95_so_ki_default
jp_type_97_chi_ha_12cm	Type 97 Chi-Ha Short Gun	jp_type_97_chi_ha_12cm_default
jp_type_97_chi_ha	Type 97 Chi-Ha	jp_type_97_chi_ha_default
jp_type_97_kai_td	Type 97 Chi-Ha Kai TD	jp_type_97_kai_default
jp_type_97_kai	Type 97 Chi-Ha Kai	jp_type_97_kai_default
jp_type_98_ke_ni	Type 98 Ke-Ni	jp_type_98_ke_ni_default
jp_type_98_ta_se	Ta-Se	jp_type_98_ta_se_default
jp_type_99	Type 99	jp_type_99_default
sw_a_34_comet	Tank, Cruiser, Comet I (A34)	uk_a_34_comet_default
sw_asrad_r	ASRAD-R	sw_asrad_r_default
sw_bkan_1c	Bandkanon 1C	sw_bkan_1c_default
sw_bmp_2md	BMP-2MD	sw_bmp_2md_default
sw_bt_42	BT-42	sw_bt_42_default
sw_charioteer_mk_7	Tank Medium Gun Charioteer Mk VII	uk_charioteer_mk_7_default
sw_crotale_ng	Ilmatorjuntaohjus 90M	fr_crotale_ng_default
sw_cv_90_mk4	Combat Vehicle 90 Mk.IV	sw_cv_90_mk4_default
sw_cv_90105_tml	Combat Vehicle 90105 XC-8	sw_cv_90105_tml_default
sw_cv_90105	Combat Vehicle 90105 TML	sw_cv_90105_default
sw_cv_90120	Combat Vehicle 90120-T	sw_cv_90120_default
sw_cv_9030_fin	Combat Vehicle 9030 Finland	sw_cv_9030_fin_default
sw_cv_9035_dk	Combat Vehicle 9035 Denmark	sw_cv_9035_dk_default
sw_eldenhet_98	EldEnhet 98	sw_eldenhet_98_default
sw_ikv_103	Infanterikanonvagn 103	sw_ikv_103_default
sw_ikv_72	Infanterikanonvagn 72	sw_ikv_72_default
sw_ikv_73	Infanterikanonvagn 73	sw_ikv_73_default
sw_ikv_91_105	Infanterikanonvagn 91-105	sw_ikv_91_105_default
sw_ikv_91	Infanterikanonvagn 91	sw_ikv_91_default
sw_itpsv_90	ItPsV Leopard 2 Marksman	sw_itpsv_90_default
sw_k9_vidar	Versatile InDirect ARtillery	sw_k9_vidar_default
sw_kungstiger	Kungstiger	sw_kungstiger_default
sw_kv_1_1942_fin	KV-1 m1942	sw_kv_1_1942_fin_default
sw_l_62_anti_ii	Landsverk L-62 ANTI II	sw_l_62_anti_II_default
sw_lago_1	Lago I	sw_lago_1_default
sw_landsverk_ush_204_gk	Landsverk U-SH 204 GK	sw_landsverk_ush_204_gk_default
sw_landsverk_ush_405	Landsverk U-SH 405	sw_landsverk_ush_405_default
sw_leopard_1a5no	Leopard 1A5NO2	sw_leopard_1a5no_default
sw_leopard_2a4_fin	Leopard 2A4	sw_leopard_2a4_fin_default
sw_leopard_2a6nl	Leopard 2A6	sw_leopard_2a6nl_default
sw_lvkv_42	Luftvärnskanonvagn 42	sw_lvkv_42_default
sw_lvkv_90c	Luftvärnskanonvagn 9040C	sw_lvkv_90c_default
sw_lvrbv_701	Luftvärnsrobotbandvagn 701	sw_lvrbv_701_default
sw_m24_chaffee_dk	Light Tank M24 Chaffee Denmark	us_m24_chaffee_default
sw_nasams_fcs	NASAMS 3, Target acquisition and designation system	sw_nasams_launcher_default
sw_nasams_launcher	NASAMS 3, Transporter erector launcher	sw_nasams_launcher_default
sw_nomads	National Manoeuvre Air Defence System	sw_nomads_default
sw_patria_amv_ctcv_105	Patria CT-CV 105HP	sw_patria_amv_ctcv_105_default
sw_pbil_m40	Pansarbil m/40	sw_pbil_m40_default
sw_pbv_301	Pansarbandvagn 301	sw_pbv_301_default
sw_pbv_302_bill	Pansarbandvagn 302 BILL	sw_pbv_302_bill_default
sw_pbv_501	Pansarbandvagn 501	sw_pbv_501_default
sw_pt_76b	PT-76	ussr_pt_76b_default
sw_pvkv_ii	Pansarvärnskanonvagn II	sw_pvkv_II_default
sw_pvkv_iii	Pansarvärnskanonvagn III	sw_pvkv_III_default
sw_pvkv_iv	Pansarvärnskanonvagn IV	sw_pvkv_iv_default
sw_pvkv_m43_1946	Pansarvärnskanonvagn m/43 (1946)	sw_pvkv_m43_1946_default
sw_pvkv_m43_1963	Pansarvärnskanonvagn m/43 (1963)	sw_pvkv_m43_1963_default
sw_pvlvv_fm42	Pansarvärnslavettvagn fm/42	sw_pvlvv_fm42_default
sw_pvrbv_551	Pansarvärnsrobotbandvagn 551	sw_pvrbv_551_default
sw_pzkpfw_iv_ausf_j	Pz.IV	sw_pzkpfw_IV_ausf_J_default
sw_sav_fm48	Stormartillerivagn 20.12.48	sw_sav_fm48_default
sw_sav_m43_1944	Stormartillerivagn m/43 (1944)	sw_sav_m43_1944_default
sw_sav_m43_1946	Stormartillerivagn m/43 (1946)	sw_sav_m43_1946_default
sw_sherman_3_4	Stridsvagn Sherman III/IV	sw_sherman_3_4_default
sw_stormpjas_fm43_44	Stormpjäs fm/43-44	sw_stormpjas_fm43_44_default
sw_strf_9056	Stridsfordon 9040 BILL	sw_strf_9056_default
sw_strf_90b	Stridsfordon 9040B	sw_strf_90b_default
sw_strf_90c	Stridsfordon 9040C	sw_strf_90c_default
sw_strv_101	Stridsvagn 101	sw_strv_101_default
sw_strv_103_0	Stridsvagn 103-0	sw_strv_103_0_default
sw_strv_103a	Stridsvagn 103A	sw_strv_103a_default
sw_strv_103c	Stridsvagn 103C	sw_strv_103c_default
sw_strv_104	Stridsvagn 104	sw_strv_104_default
sw_strv_105	Stridsvagn 105	sw_strv_105_default
sw_strv_121	Stridsvagn 121	sw_strv_121_default
sw_strv_122	Stridsvagn 122A	sw_strv_122_default
sw_strv_122b_plss	Stridsvagn 122B PLSS	sw_strv_122b_plss_default
sw_strv_122b_plus	Stridsvagn 122B+	sw_strv_122b_plus_default
sw_strv_74	Stridsvagn 74	sw_strv_74_default
sw_strv_81_rb52	Strv 81 (RB 52)	uk_centurion_mk_III_ss11_default
sw_strv_81	Stridsvagn 81	sw_strv_81_default
sw_strv_m31	Stridsvagn m/31	sw_strv_m31_default
sw_strv_m38	Stridsvagn m/38	sw_strv_m38_default
sw_strv_m39_td	Stridsvagn m/39 TD	sw_strv_m39_default
sw_strv_m39	Stridsvagn m/39	sw_strv_m39_default
sw_strv_m40l	Stridsvagn m/40L	sw_strv_m40l_default
sw_strv_m41_s1	Stridsvagn m/41 S-I	sw_strv_m41_s2_default
sw_strv_m41_s2	Stridsvagn m/41 S-II	sw_strv_m41_s2_default
sw_strv_m42_delat_torn	Stridsvagn m/42 Delat Torn	sw_strv_m42_delat_torn_default
sw_strv_m42_eh	Stridsvagn m/42 EH	sw_strv_m42_eh_default
sw_strv121b_christian2	Stridsvagn 121B Christian II	sw_strv121b_christian2_default
sw_t_28	T-28	ussr_t_28_default
sw_t_34_1941	T-34	ussr_t_34_1941_default
sw_t_34_85_zis_53	T-34-85	ussr_t_34_85_zis_53_default
sw_t_50_fin	T-50	ussr_t_50_default
sw_t_54_1951	T-54	ussr_t_54_1951_default
sw_t_55m	T-55M	sw_t_55m_default
sw_t_72m1	T-72M1	sw_t_72m1_default
sw_t_80u	T 80 U	ussr_t_80u_default
sw_tgdgb_m40_lv	Luftvärnsterrängdragbil m/40	sw_tgdgb_m40_lv_default
sw_udes_33	Underlagsgrupp Direkt Eld Stridsfordon 33	sw_udes_33_default
sw_veak_40	Vagn Eldledning AutomatKanon 40	sw_veak_40_default
sw_vickers_mk_e_37	Vickers Mk.E Type B	sw_vickers_mk_e_37_default
sw_zsu_57_2	ZSU-57-2	ussr_zsu_57_2_default
uk_17_pdr_m10_achilles_norfolk_yeomanry	17pdr. M10 (65th Anti-Tank Regt)	uk_17_pdr_m10_achilles_default
uk_17_pdr_m10_achilles	17 pounder Self-Propelled M10	uk_17_pdr_m10_achilles_default
uk_3_inch_gun_carrier	Gun Carrier, 3-inch, Mk I, Churchill (A22D)	uk_3_inch_gun_carrier_default
uk_a_12_mk_2_matilda_2	Tank, Infantry, Mk IIA*, Matilda III (A12)	uk_a_12_mk_2_matilda_2_default
uk_a_13_mk1_3rd_rtr	Tank, Cruiser, Mk III (A13) (3rd Royal Tank Regiment)	uk_a_13_mk1_default
uk_a_13_mk1	Tank, Cruiser, Mk III (A13)	uk_a_13_mk1_default
uk_a_13_mk2_1939	Tank, Cruiser, Mk IV (A13 Mk II) 1939	uk_a_13_mk2_1939_default
uk_a_13_mk2	Tank, Cruiser, Mk IV (A13 Mk II)	uk_a_13_mk2_default
uk_a_22_mk_1_churchill_1941	Tank, Infantry, Mk IV, Churchill I (A22)	uk_a_22_mk_1_churchill_1941_default
uk_a_22b_mk_3_churchill_1942	Tank, Infantry, Mk IV, Churchill III (A22)	uk_a_22b_mk_3_churchill_1942_default
uk_a_22f_mk_7_churchill_1944	Tank, Infantry, Mk IV, Churchill VII (A22F)	uk_a_22f_mk_7_churchill_1944_default
uk_a_22f_mk_7_churchill_crocodile	Tank, Infantry, Mk IV, Churchill VII (A22F) Crocodile	uk_a_22f_mk_7_churchill_crocodile_default
uk_a_33_excelsior	Tank, Heavy Assault, A33 (Excelsior)	uk_a_33_excelsior_default
uk_a_34_comet	Tank, Cruiser, Comet I (A34)	uk_a_34_comet_default
uk_a_43_black_prince	A.43 Black Prince	uk_a_43_black_prince_default
uk_a17_mk_1_tetrarch	Tank, Light Mk VII, Tetrarch I (A17)	uk_a17_mk_1_tetrarch_default
uk_a1e1_independent	Independent (A1E1)	uk_a1e1_independent_default
uk_a25_mk_8	Tank, Light Mk VIII, Harry Hopkins Mk.I (A25)	uk_a25_mk_8_default
uk_a27m_cromwell_1	Tank, Cruiser, Mk VIII, Cromwell I (A27M)	uk_a27m_cromwell_I_default
uk_a27m_cromwell_5_rp3	Tank, Cruiser, Mk VIII, Cromwell V (A27M) (RP-3)	uk_a27m_cromwell_5_rp3_default
uk_a27m_cromwell_5	Tank, Cruiser, Mk VIII, Cromwell V (A27M)	uk_a27m_cromwell_5_default
uk_a30_challenger	Tank, Cruiser, Challenger (A30)	uk_a30_challenger_default
uk_a30_sp_avenger	Self-Propelled 17pdr, A30 (Avenger)	uk_a30_sp_avenger_default
uk_a39_tortoise	A39 Tortoise	uk_a39_tortoise_default
uk_ac1_sentinel	Cruiser tank A.C. Mark I	uk_ac1_sentinel_default
uk_ac4_thunderbolt	Cruiser tank A.C. Mark IV	uk_ac4_thunderbolt_default
uk_adats_m113a3	ADATS (M113)	uk_adats_m113a3_default
uk_ai_sam_rapier	Rapier SAM system	uk_ai_sam_rapier_default
uk_ajax	Ajax AFV	uk_ajax_default
uk_alecto_mk_1	Alecto I	uk_alecto_mk_1_default
uk_armored_car_aec_mk_2	Armoured Car, AEC Mk II	uk_armored_car_aec_mk_2_default
uk_armored_car_mk_2_aa	Armoured Car, AEC AA	uk_armored_car_mk_2_aa_default
uk_as_90_mk_2	AS90 Mk.2	uk_as_90_mk_2_default
uk_at_gun_qf17pounder	17-pounder anti-tank gun	uk_at_gun_qf17pounder_default
uk_at_gun_qf6pounder	6-pounder anti-tank gun	uk_at_gun_qf6pounder_default
uk_badger	Badger ICV	uk_badger_default
uk_bosvark	Bosvark	uk_bosvark_default
uk_boxer_crv_block2	Boxer CRV Block 2	uk_boxer_crv_block2_default
uk_centurion_action_x	Centurion Action X	uk_centurion_action_x_default
uk_centurion_mk_1	Centurion Mk 1	uk_centurion_mk_1_default
uk_centurion_mk_10	Centurion Mk 10	uk_centurion_mk_10_default
uk_centurion_mk_2	Centurion Mk.2	uk_centurion_mk_2_default
uk_centurion_mk_3_ss11	Strv 81 (RB 52)	uk_centurion_mk_III_ss11_default
uk_centurion_mk_3	Centurion Mk 3	uk_centurion_mk_III_default
uk_centurion_mk_5_avre_era	Centurion Assault Vehicle, Royal Engineers Mk.5	uk_centurion_mk_5_avre_default
uk_centurion_mk_5_raac	Centurion Mk.5/1 (RAAC)	uk_centurion_mk_5_raac_default
uk_centurion_shot_kal_d	Sho't Kal Dalet	uk_centurion_shot_kal_d_default
uk_challenger_1_mk_3_gulf	Tank, Combat, 120-mm Gun, Challenger Mk.3, Desert Storm	uk_challenger_1_mk_3_gulf_default
uk_challenger_1	Tank, Combat, 120-mm Gun, Challenger Mk.2	uk_challenger_1_default
uk_challenger_2_bn	Challenger 2, Black Night	uk_challenger_2_bn_default
uk_challenger_2_dorchester	Tank, Combat, 120-mm Gun, Challenger 2 (Dorchester Level 2F)	uk_challenger_2_dorchester_default
uk_challenger_2_lep	Challenger 3 Technology Demonstrator	uk_challenger_2_lep_default
uk_challenger_2_megatron_sm	Challenger 2 TES (OES)	uk_challenger_2_megatron_sm_default
uk_challenger_2_megatron	Challenger 2 TES (OES)	uk_challenger_2_tes_megatron_default
uk_challenger_2_tes	Challenger 2 TES (2008)	uk_challenger_2_tes_default
uk_challenger_2e	Challenger 2E	uk_challenger_2e_default
uk_challenger_ii_yt_cup_2019	Challenger 2	uk_challenger_II_default
uk_challenger_ii	Tank, Combat, 120-mm Gun, Challenger 2	uk_challenger_II_default
uk_challenger_mk_3	Tank, Combat, 120-mm Gun, Challenger Mk.3	uk_challenger_mk_3_default
uk_charioteer_mk_7	Tank Medium Gun Charioteer Mk VII	uk_charioteer_mk_7_default
uk_chieftain_900	Chieftain 900	uk_chieftain_900_default
uk_chieftain_marksman	Marconi Electronic Systems Chieftain Mk.10 Marksman	uk_chieftain_marksman_default
uk_chieftain_mk_10	Chieftain Mk 10	uk_chieftain_mk_10_default
uk_chieftain_mk_3	Chieftain Mk 3	uk_chieftain_mk_3_default
uk_chieftain_mk_5	Chieftain Mk 5	uk_chieftain_mk_5_default
uk_churchill_avre	Churchill Mk.III AVRE Petard	uk_churchill_avre_default
uk_churchill_na75	Tank, Infantry, Mk IV, Churchill NA75	uk_churchill_na75_default
uk_concept3_ngac	Concept 3, New Generation Armoured Car	uk_concept3_ngac_default
uk_conqueror_mk_2	Tank Heavy Gun Conqueror Mk 2	uk_mk_2_conqueror_default
uk_cruiser_ram_1	Cruiser Tank Ram I	uk_cruiser_ram_1_default
uk_crusader_aa_mk_1	Crusader AA Mk I	uk_centaur_aa_mk_1_default
uk_crusader_aa_mk_2_kit_3rank	Tank, Cruiser, Crusader III, AA Mk II (Overlord)	uk_centaur_aa_mk_2_default
uk_crusader_aa_mk_2_tutorial	Tank, Cruiser, Crusader III, AA Mk II	uk_crusader_aa_mk_2_tutorial_default
uk_crusader_aa_mk_2	Tank, Cruiser, Crusader III, AA Mk II	uk_centaur_aa_mk_2_default
uk_crusader_mk_2_the_saint	Tank, Cruiser, Mk VIA, Crusader II (A15)	uk_crusader_mk_2_default
uk_crusader_mk_2	Tank, Cruiser, Mk VIA, Crusader II (A15)	uk_crusader_mk_2_default
uk_crusader_mk_3	Tank, Cruiser, Crusader III (A15)	uk_crusader_mk_3_default
uk_daimler_mk_2	Armoured Car, Daimler Mk II	uk_daimler_mk_2_default
uk_desert_warrior	Desert Warrior / Fahris Infantry Fighting Vehicle	uk_desert_warrior_default
uk_eland_90_mk_7	Eland 90 Mk.7	uk_eland_90_mk_7_default
uk_falcon	Falcon	uk_falcon_default
uk_fv102_striker	FV102 Striker	uk_fv102_striker_default
uk_fv107_scimitar_mk2	FV107 Scimitar Mk.2	uk_fv107_scimitar_mk2_default
uk_fv107_scimitar	FV107 Scimitar	uk_fv107_scimitar_default
uk_fv221_caernarvon	FV 221 Caernarvon	uk_fv221_caernarvon_default
uk_fv4004_conway	FV4004 Conway	uk_fv4004_conway_default
uk_fv4005	FV4005 Stage II	uk_fv4005_default
uk_fv4202	FV4202	uk_fv4202_default
uk_fv438_swingfire	FV438 Swingfire	uk_fv438_swingfire_default
uk_fv510_isv	Combat Vehicle, Personnel, Tracked, 30mm Gun, Warrior FV510	uk_fv510_isv_default
uk_fv721_fox	FV721 Fox	uk_fv721_fox_default
uk_g6_spg	G6	uk_g6_spg_default
uk_khalid	Khalid	uk_khalid_default
uk_m109a1	M109A1	us_m109a1_default
uk_m1a1_aim_abrams	Tank, Combat, Full Tracked, 120-mm Gun M1A1, AIM	us_m1a1_aim_abrams_default
uk_m1a2_sep3_abrams	Tank, Combat, Full Tracked, 120-mm Gun M1A2 SEPv3	us_m1a2_sep3_abrams_default
uk_m3_stuart	Stuart I	uk_m3_stuart_default
uk_m3a1_stuart	Stuart III	uk_m3a1_stuart_default
uk_m44	Howitzer, Self-propelled, Full Tracked: 155-mm, M44	us_m44_default
uk_m4a5_ram_2	Cruiser Tank Ram II	us_m4a5_ram_2_default
uk_machinegun_hotchkiss_mle_1914	Hotchkiss Mle 1909	uk_machinegun_hotchkiss_mle_1914_default
uk_mark_v_event	Machine Mark V, Male	uk_mark_v_default
uk_mark_v	Machine Mark V, Male	uk_mark_v_default
uk_marmon_herrington_mk_6_2pdr	SARC MkVI (2pdr)	uk_marmon_herrington_mk_6_2pdr_default
uk_marmon_herrington_mk_6_6pdr	SARC MkVI (6pdr)	uk_marmon_herrington_mk_6_6pdr_default
uk_matilda_hedgehog	Matilda Hedgehog	uk_matilda_hedgehog_default
uk_mk1_grant	Grant I	us_mk1_grant_default
uk_olifant_mk_1a	Olifant Mk.1A	uk_olifant_mk_1a_default
uk_olifant_mk_2	Olifant Mk.2	uk_olifant_mk_2_default
uk_ram_90mm_aa	OQF 3.7-inch AA on Ram Mounting	uk_ram_90mm_aa
uk_ratel_20	Ratel 20	uk_ratel_20_default
uk_ratel_90	Ratel 90	uk_ratel_90_default
uk_ratel_zt3	ZT3A2 Ratel	uk_ratel_zt3_default
uk_rooikat_105_td	Rooikat 105	uk_rooikat_105_td_default
uk_rooikat_76	Rooikat Mk.1D	uk_rooikat_76_default
uk_rooikat_mttd	Rooikat MTTD	uk_rooikat_mttd_default
uk_rooikat_za_35	Rooikat ZA-35	uk_rooikat_za_35_default
uk_sarc_mk4_a	SARC MkIVa	uk_sarc_mk4_a_default
uk_sherman_ii	Sherman II	us_m4a1_1942_sherman_default
uk_sherman_vc_firefly_kit_3rank	Sherman VC Firefly (Overlord)	uk_sherman_vc_firefly_default
uk_sherman_vc_firefly	Sherman VC Firefly	uk_sherman_vc_firefly_default
uk_shir_2	FV4030/3 Shir 2	uk_shir_2_default
uk_skink_aa	Skink, Tank, Anti-Aircraft, 20 mm, Quad	uk_skink_aa_default
uk_sky_sabre_fcs	Sky Sabre, Target acquisition and designation system	uk_sky_sabre_launcher_default
uk_sky_sabre_launcher	Sky Sabre, Transporter erector launcher	uk_sky_sabre_launcher_default
uk_sp_17_pdr_valentine	Self-Propelled 17pdr, Valentine, Mk I, Archer	uk_sp_17_pdr_valentine_default
uk_stormer_air_defence	Stormer Air Defence	uk_stormer_air_defence_default
uk_stormer_hvm	FV4333 Stormer HVM	uk_stormer_hvm_default
uk_t_90s_bheeshma	T-90S Bhishma TWMP	uk_t_90s_bheeshma_default
uk_t17e2	Armoured Car, Staghound AA (T17E2)	uk_t17e2_default
uk_tog_2	TOG II	uk_tog_2_default
uk_tracked_rapier	Tracked Rapier Launch Vehicle RCM 748	uk_tracked_rapier_default
uk_truck_us6_studebaker_board	Studebaker US6	uk_truck_us6_studebaker_board_default
uk_truck_us6_studebaker_tent	Studebaker US6	uk_truck_us6_studebaker_tent_default
uk_ttd	TTD	uk_ttd_default
uk_valentine_mk_1	Tank, Infantry, Mk III, Valentine I	uk_valentine_mk_1_default
uk_valentine_mk_11	Tank, Infantry, Valentine XI	uk_valentine_mk_11_default
uk_valentine_mk_9	Tank, Infantry, Valentine IX	uk_valentine_mk_9_default
uk_vfm_5	Vickers/FMC VFM5	uk_vfm_5__default
uk_vickers_gbt_155	VSEL GBT 155	uk_vickers_gbt_155_default
uk_vickers_mbt_mk_1	Vickers Battle Tank Mk.1	uk_vickers_mbt_mk_1_default
uk_vickers_mbt_mk_3	Vickers Battle Tank Mk.3	uk_vickers_mbt_mk_3_default
uk_vickers_mk_11	Vickers Mk.11	uk_vickers_mk_11_default
uk_vickers_mk_6_aa_mk_1	Tank, Light AA Mk I	uk_vickers_mk_6_aa_mk_1_default
uk_vickers_mk7	Vickers Mk.7	uk_vickers_mk7_default
uk_vijayanta	Vijayanta	uk_vijayanta_default
uk_ystervark_spaa	Ystervark	uk_ystervark_spaa_default
us_adats_bradley	Missile, Air Defence Artillery, Self-Propelled, ADATS	us_adats_bradley_default
us_ags_teledyne	TCM AGS	us_ags_teledyne_default
us_ai_aew_radar_tps_59	AN/TPS-59 acquisition radar	us_ai_aew_radar_tps_59_default
us_ai_mlrs_m270	M270 MLRS	us_ai_mlrs_m270_default
us_amx_13_75	AMX-13	fr_amx_13_75_default
us_amx_13_90	AMX-13-90	fr_amx_13_90_default
us_apc_m113	M113	us_apc_m113_default
us_at_gun_m1	57 mm anti-tank gun M1	uk_at_gun_qf6pounder_default
us_at_m40	106 mm anti-tank gun М40	us_at_m40_default
us_ccvl	Close Combat Vehicle Light	us_ccvl_default
us_efv_p1	Expeditionary Fighting Vehicle EFV	us_efv_p1_default
us_halftrack_m13	Multiple Gun Motor Carriage M13	us_halftrack_m13_default
us_halftrack_m15	Combination Gun Motor Carriage M15	us_halftrack_m15_default
us_halftrack_m16	Multiple Gun Motor Carriage M16	us_halftrack_m16_default
us_halftrack_m3_75mm_gmc	75 mm Gun Motor Carriage M3	us_halftrack_m3_75mm_gmc_default
us_hstv_l	High Survivability Test Vehicle — Lightweight	us_hstv_l_default
us_lav_ad	LAV-AD	us_lav_ad_default
us_losat_ccv	LOSAT-CCVL	us_losat_ccv_default
us_lvt_4_zis_2	LVT(A)(4) (ZIS-2)	us_lvt_4_zis_2_default
us_lvt_a_1_trb	LVT(A)(1)	us_lvt_a_1_default
us_lvt_a_1	LVT(A)(1)	us_lvt_a_1_default
us_lvt_a_4	LVT(A)(4)	us_lvt_a_4_default
us_lvt_a1_m24	LVT(A)(1) (M24)	us_lvt_a1_m24_default
us_m1_abrams_kvt	M1 Krasnovian Variant Tank	us_m1_abrams_kvt_default
us_m1_abrams	Tank, Combat, Full Tracked, 105-mm Gun M1	us_m1_abrams_default
us_m1_ip_abrams	Tank, Combat, Full Tracked, 105-mm Gun IPM1	us_m1_ip_abrams_default
us_m10_booker_late	M10 Booker	us_m10_booker_late_default
us_m10	3-inch Gun Motor Carriage M10	us_m10_default
us_m103	120 mm Gun Tank M103	us_m103_default
us_m109a1	M109A1	us_m109a1_default
us_m1128_mgs	M1128	us_m1128_mgs_default
us_m1128_wolfpack	M1128 Wolfpack	us_m1128_wolfpack_default
us_m1296_dragoon	M1296 Infantry Carrier Vehicle Dragoon	us_m1296_dragoon_default
us_m163_vulcan	Gun, Air Defence Artillery, Self-Propelled: 20-mm, M163	us_m163_vulcan_default
us_m18_hellcat_kit_3rank	M18 Gun Motor Carriage (Hell)	us_m18_hellcat_default
us_m18_hellcat	M18 Gun Motor Carriage	us_m18_hellcat_default
us_m18_super_hellcat	M18 90-mm Gun Motor Carriage	us_m18_super_hellcat_default
us_m19	Twin Gun Motor Carriage M19A1	us_m19_default
us_m1a1_abrams_yt_cup_2019	M1A1	us_m1a1_abrams_default
us_m1a1_abrams	Tank, Combat, Full Tracked, 120-mm Gun M1A1	us_m1a1_abrams_default
us_m1a1_aim_abrams	Tank, Combat, Full Tracked, 120-mm Gun M1A1, AIM	us_m1a1_aim_abrams_default
us_m1a1_hc_abrams	Tank, Combat, Full Tracked, 120-mm Gun M1A1 HC	us_m1a1_hc_abrams_default
us_m1a1_hc_usmc_sm	Tank, Combat, Full Tracked, 120-mm Gun M1A1 HC	us_m1a1_hc_usmc_default
us_m1a2_abrams	Tank, Combat, Full Tracked, 120-mm Gun M1A2	us_m1a2_abrams_default
us_m1a2_sep_abrams	Tank, Combat, Full Tracked, 120-mm Gun M1A2 SEP	us_m1a2_sep_abrams_default
us_m1a2_sep2_abrams_trophy	Tank, Combat, Full Tracked, 120-mm Gun M1A2 SEPV2 (Trophy-HV)	us_m1a2_sep2_abrams_trophy_default
us_m1a2_sep2_abrams	Tank, Combat, Full Tracked, 120-mm Gun M1A2 SEP V2	us_m1a2_sep2_abrams_default
us_m1a2_sep3_abrams	Tank, Combat, Full Tracked, 120-mm Gun M1A2 SEPv3	us_m1a2_sep3_abrams_default
us_m2_medium	Medium Tank M2	us_m2_medium_default
us_m22_locust	Light Tank M22 Locust	us_m22_locust_default
us_m24_chaffee_tl	Light Tank M24 Chaffee	us_m24_chaffee_default
us_m24_chaffee	Light Tank M24 Chaffee	us_m24_chaffee_default
us_m247	Gun, Air Defence Artillery, Self-Propelled, 40-mm, M247	us_m247_default
us_m26_pershing_tutorial	Medium Tank M26 Pershing	us_m26_pershing_tutorial_default
us_m26_pershing	Medium Tank M26 Pershing	us_m26_pershing_default
us_m26_t99	Medium Tank M26 T99	us_m26_t99_default
us_m26e1_pershing	Medium Tank M26E1	us_m26e1_pershing_default
us_m2a2	Light Tank M2A2	us_m2a2_default
us_m2a4_1st_armor_div	Light Tank M2A4 (1st Arm.Div.)	us_m2a4_default
us_m2a4	Light Tank M2A4	us_m2a4_default
us_m3_bradley	Fighting Vehicle, Cavalry, M3	us_m3_bradley_default
us_m3_lee	Medium Tank M3 Lee	us_m3_lee_default
us_m3_stuart	Light Tank M3 Stuart	us_m3_stuart_default
us_m36	90-mm Gun Motor Carriage M36	us_m36_default
us_m36b2	90-mm Gun Motor Carriage M36B2	us_m36b2_default
us_m3a1_stuart_usmc	Light Tank M3A1 Stuart (USMC)	us_m3a1_stuart_default
us_m3a1_stuart	Light Tank M3A1 Stuart	us_m3a1_stuart_default
us_m3a3_bradley	Fighting Vehicle, Cavalry, M3A3	us_m3a3_bradley_default
us_m4_sherman_calliope	Medium Tank M4 Sherman (Rocket Launcher T34E1 Calliope)	us_m4_sherman_calliope_default
us_m4_sherman_promo	Medium Tank M4 Sherman	us_m4_sherman_default
us_m4_sherman	Medium Tank M4 Sherman	us_m4_sherman_default
us_m4_t26	M4/T26	us_m4_t26_default
us_m41_walker_bulldog	Light Tank M41A1 Walker Bulldog	us_m41_walker_bulldog_default
us_m42_duster	Twin 40 mm Self-Propelled Gun M42 Duster	us_m42_duster_default
us_m44	Howitzer, Self-propelled, Full Tracked: 155-mm, M44	us_m44_default
us_m46_patton_73_armor_bat	Medium Tank M46 Patton (73 Tank Batalion)	us_m46_patton_73_armor_bat_default
us_m46_patton	Medium Tank M46 Patton	us_m46_patton_default
us_m47_patton_ii	90 mm Gun Tank M47 Patton II	us_m47_patton_II_default
us_m48a1_patton_iii	90 mm Gun Tank M48A1 Patton III	us_m48a1_patton_III_default
us_m4a1_1942_sherman	Medium Tank M4A1 Sherman	us_m4a1_1942_sherman_default
us_m4a1_76w_sherman	Medium Tank M4A1 (76) W Sherman	us_m4a1_76w_sherman_default
us_m4a2_1944_germ	Pz.Kpfw. M4 748 (a)	us_m4a2_1944_default
us_m4a2_1944	Medium Tank M4A2 Sherman (1944)	us_m4a2_1944_default
us_m4a2_76w_sherman_tutorial	Medium Tank M4A2 (76) W Sherman	us_m4a2_76w_sherman_tutorial_default
us_m4a2_76w_sherman	Medium Tank M4A2 (76) W Sherman	us_m4a2_76w_sherman_default
us_m4a2_sherman	Medium Tank M4A2 Sherman	us_m4a2_1944_default
us_m4a3_105_sherman	Medium Tank M4A3 (105) HVSS Sherman	us_m4a3_105_sherman_default
us_m4a3e2_76w_sherman_jumbo	Assault Tank M4A3E2 (76) W Jumbo	us_m4a1_76w_sherman_default
us_m4a3e2_sherman_jumbo	Assault Tank M4A3E2 Jumbo	us_m4a3e2_sherman_jumbo_default
us_m4a3e8_76w_sherman_kit_3rank	Medium Tank M4A3 (76) W HVSS Sherman (Hell)	us_m4a3e8_76w_sherman_default
us_m4a3e8_76w_sherman	Medium Tank M4A3 (76) W HVSS Sherman	us_m4a3e8_76w_sherman_default
us_m4a5_ram_2	M4A5 Ram II	us_m4a5_ram_2_default
us_m50_ontos	Rifle, Multiple, 106-mm, Self-Propelled, M50	us_m50_ontos_default
us_m55	Howitzer, Self-propelled, Full Tracked: 203-mm, M55	us_m55_default
us_m551_76	M551(76)	us_m551_76_default
us_m551	152-mm Gun / Launcher M551 Sheridan	us_m551_default
us_m56_scorpion	90-mm, Full Tracked Self-Propelled Gun M56 Scorpion	us_m56_scorpion_default
us_m5a1_stuart_canadian_5st_arm	Tank, Cruiser, Stuart VI (5th Canadian Armoured Division)	us_m5a1_stuart_default
us_m5a1_stuart_td	Light Tank M5A1 TD Stuart	us_m5a1_stuart_default
us_m5a1_stuart	Light Tank M5A1 Stuart	us_m5a1_stuart_default
us_m60_120s	M60 120S	us_m60_120s_default
us_m60	105 mm Gun Tank M60	us_m60_default
us_m60a1_rise_mod	Tank, Combat, Full-Tracked 105-mm Gun M60A1 RISE (Passive) Predator	us_m60a1_rise_mod_default
us_m60a1_rise_passive_era	Tank, Combat, Full-Tracked 105-mm Gun M60A1 RISE (Passive)	us_m60a1_default
us_m60a1	105 mm Gun Tank M60A1 (AOS)	us_m60a1_default
us_m60a2	152 mm Gun Tank M60A2	us_m60a2_default
us_m60a3_slep	M60 AMBT	us_m60a3_slep_default
us_m60a3_tts	105 mm Gun Tank M60A3 TTS	us_m60a3_tts_default
us_m6a1	Heavy Tank M6A1	us_m6a1_default
us_m6a2e1	Heavy Tank M6A2E1	us_m6a2e1_default
us_m728	Combat Engineer Vehicle M728	us_m60_default
us_m8_greyhound	Light Armored Car M8	us_m8_greyhound_default
us_m8_scott_snowball	Snowballer	us_m8_scott_default
us_m8_scott	75 mm Howitzer Motor Carriage M8	us_m8_scott_default
us_m8a1	75 mm Gun Motor Carriage M8	us_m8a1_default
us_m901_itv	Combat Vehicle, Anti-tank, Improved TOW Vehicle, M901	us_m901_itv_default
us_magach_3	Magach 3 (ERA)	us_magach_3_default
us_mbt_70	152-mm Gun-Launcher Main Battle Tank 70	us_mbt_70_default
us_merkava_mk_1	Merkava Siman 1	us_merkava_mk_1_default
us_merkava_mk_2b_late	Merkava Siman 2 Bet	us_merkava_mk_2b_late_default
us_merkava_mk_3d	Merkava Siman 3 Dor Dalet	us_merkava_mk_3d_default
us_mim_72_chaparral	Improved Chaparral	us_mim_72_chaparral_default
us_mk1_grant	Grant I	us_mk1_grant_default
us_nasams_fcs	NASAMS 3, Target acquisition and designation system	us_sl_amraam_launcher_default
us_nasams_launcher	NASAMS 3, Transporter erector launcher	sw_nasams_launcher_default
us_rdf_lt	Rapid Deployment Force Light Tank	us_rdf_lt_default
us_skink_aa_kit_3rank	Skink, Tank, Anti-Aircraft, 20 mm, Quad (Hell)	uk_skink_aa_default
us_skink_aa	Skink, Tank, Anti-Aircraft, 20 mm, Quad	uk_skink_aa_default
us_sl_amraam_fcs	M1097A2 CLAWS, Target acquisition and designation system	us_sl_amraam_launcher_default
us_sl_amraam_launcher	M1097A2 CLAWS, Transporter erector launcher	us_sl_amraam_launcher_default
us_stingray	Stingray	jp_stingray_default
us_t114	T114	us_t114_default
us_t14	Assault Tank T14	us_t14_default
us_t1e1_90	Heavy Tank T1E1 (90)	us_t1e1_90_default
us_t1e1	Heavy Tank T1E1	us_t1e1_default
us_t20	Medium Tank T20	us_t20_default
us_t25	Medium Tank T25	us_t25_default
us_t26e5	Assault tank T26E5	us_t26e5_default
us_t28	Super Heavy Tank T28	us_t95_default
us_t29	Heavy Tank T29	us_t29_default
us_t30	Heavy Tank T30	us_t30_default
us_t32_tutorial	Heavy Tank T32	us_t32_default
us_t32	Heavy Tank T32	us_t32_default
us_t32e1	Heavy Tank T32E1	us_t32_default
us_t34	Heavy Tank T34	us_t34_default
us_t54e1	T54E1	us_t54e1_default
us_t54e2	T54E2	us_t54e2_default
us_t55e1	3 inch Gun Motor Carriage T55E1	us_t55e1_default
us_t58	Heavy Tank T58	us_t58_default
us_t77e1	Multiple Gun Motor Carriage T77E1	us_t77e1_default
us_t86	T86 Amphibious Gun Motor Carriage	us_t86_default
us_t92	76 mm Gun Tank T92	us_t92_default
us_t95	105 mm Gun Motor Carriage T95	us_t95_default
us_t95e1	Medium Tank T95E1	us_t95e1_default
us_truck_us6_studebaker_board	Studebaker US6	us_truck_us6_studebaker_board_default
us_truck_us6_studebaker_tent	Studebaker US6	us_truck_us6_studebaker_tent_default
us_xm_8	105 mm Armored Gun System XM8	us_xm_8_default
us_xm_800t	Armored Reconnaissance Scout Vehicle XM800T	us_xm_800t_default
us_xm_803	Tank, Combat, Full-Tracked, 152-mm Gun/Launcher XM803	us_xm_803_default
us_xm_975_roland	XM975	us_xm_975_roland_default
us_xm1_chrysler	Tank, Combat, Full-Tracked, 105-mm Gun XM1 (Chrysler)	us_xm1_chrysler_default
us_xm1_gm	Tank, Combat, Full-Tracked, 105-mm Gun XM1 (GM)	us_xm1_gm_default
us_xm246	Gun, Air Defence Artillery, Self-Propelled, 35-mm, XM246	us_xm246_default
ussr_2s1	2S1	ussr_2s1_default
ussr_2s19_m1	2S19M1	ussr_2s19_m1_default
ussr_2s19_m2	2S19M2	ussr_2s19_m1_default
ussr_2s3m	2S3M	ussr_2s3m_default
ussr_9p149	9P149 Shturm-S	ussr_9p149_default
ussr_9p157	9P157-2 Khrizantema-S	ussr_9p157_default
ussr_ai_sam_launcher_s_75	SM-90 SAM S-75 launcher	ussr_ai_sam_launcher_s_75_default
ussr_ai_sam_radar_p_12	P-12 SAM S-75 acquisition radar	ussr_ai_sam_radar_p_12_default
ussr_ai_sam_radar_snr_75	SNR-75 SAM S-75 target tracking radar	ussr_ai_sam_radar_snr_75_default
ussr_apc_bmp_1	BMP-1	ussr_bmp_1_default
ussr_apc_btr_152	BTR-152	ussr_btr_152a_default
ussr_asu_57	ASU-57	ussr_asu_57_default
ussr_asu_85	ASU-85	ussr_asu_85_default
ussr_at_gun_53k	45 mm anti-tank gun mod. 1937 (53-K)	ussr_at_gun_53k_default
ussr_at_spg_9	73 mm anti-tank gun SPG-9	ussr_at_spg_9_default
ussr_ba_11	BA-11	ussr_ba_11_default
ussr_bm_13n	BM-13N	ussr_bm_13n_default
ussr_bm_31_12	BM-31-12	ussr_bm_31_12_default
ussr_bm_8_24	BM-8-24	ussr_bm_8_24_default
ussr_bmd_4	BMD-4	ussr_bmd_4_default
ussr_bmd_4m	BMD-4M	ussr_bmd_4m_default
ussr_bmd_4m2	BMD-4M2	ussr_bmd_4m2_default
ussr_bmp_1	BMP-1	ussr_bmp_1_default
ussr_bmp_2	BMP-2	ussr_bmp_2_default
ussr_bmp_2m	BMP-2M	ussr_bmp_2m_default
ussr_bmp_3	BMP-3	ussr_bmp_3_default
ussr_bmpt_72	BMPT-72	ussr_bmpt_default
ussr_bmpt	BMPT	ussr_bmpt_default
ussr_bt_5	BT-5 mod. 1933	ussr_bt_5_default
ussr_bt_7_1937_td	BT-7 TD	ussr_bt_7_1937_default
ussr_bt_7_1937	BT-7 mod. 1937	ussr_bt_7_1937_default
ussr_bt_7_m	BT-7M	ussr_bt_7_m_default
ussr_bt_7a_f32	BT-7A (F-32)	ussr_bt_7a_f32_default
ussr_btr_152a	KB ZIS BTR-152A	ussr_btr_152a_default
ussr_btr_152d	BTR-152D	ussr_btr_152d_default
ussr_btr_80a	BTR-80A	ussr_btr_80a_default
ussr_btr_82at	BTR-82AT	ussr_btr_82at_default
ussr_btr_zd	BTR-ZD	ussr_btr_zd_default
ussr_gaz_4m	GAZ-AAA (4M)	ussr_gaz_4m_default
ussr_gaz_dshk	GAZ-AAA (DShK)	ussr_gaz_dshk_default
ussr_gaz_mm_72k_without_crew	GAZ-MM (72-K)	ussr_gaz_mm_72k_without_crew_default
ussr_gaz_mm_72k	GAZ-MM (72-K)	ussr_gaz_mm_72k_default
ussr_is_1_kit_3rank	IS-1 ('45)	ussr_is_1_default
ussr_is_1	IS-1	ussr_is_1_default
ussr_is_2_1943	IS-2	ussr_is_2_default
ussr_is_2_1944_321	IS-2 No.321	ussr_is_2_1944_default
ussr_is_2_1944	IS-2 (1944)	ussr_is_2_1944_default
ussr_is_3	IS-3	ussr_is_3_default
ussr_is_4m_tutorial	IS-4M	ussr_is_4m_default
ussr_is_4m	IS-4M	ussr_is_4m_default
ussr_is_6	IS-6	ussr_is_6_default
ussr_is_7	IS-7	ussr_is_7_default
ussr_isu_122	ISU-122	ussr_isu_122_default
ussr_isu_122s	ISU-122S	ussr_isu_122s_default
ussr_isu_152	ISU-152	ussr_isu_152_default
ussr_it_1	IT-1	it_1_default
ussr_kv_1_l_11	KV-1 (L-11)	ussr_kv_1_L_11_default
ussr_kv_1_zis_5	KV-1 (ZiS-5)	ussr_kv_1_zis_5_default
ussr_kv_122	KV-122	ussr_kv_122_default
ussr_kv_1e	KV-1E	ussr_kv_1e_default
ussr_kv_1s	KV-1S	ussr_kv_1s_default
ussr_kv_2_1939	KV-2 (1939)	ussr_kv_2_1939_default
ussr_kv_2_1940	KV-2 (1940)	ussr_kv_2_1940_default
ussr_kv_2_zis_6	KV-2 (ZiS-6)	ussr_kv_2_zis_6_default
ussr_kv_220	KV-220	ussr_kv_220_default
ussr_kv_7_u13	KV-7 (U-13)	ussr_kv_7_u13_default
ussr_kv_8	KV-8	ussr_kv_8_default
ussr_kv_85	KV-85	ussr_kv_85_default
ussr_m3c	M3 Medium	us_m3_lee_default
ussr_m4a2_76w_sherman	M4A2 (76) W	us_m4a2_76w_sherman_default
ussr_m53_59	M53/59	ussr_m53_59_default
ussr_object_140	Object 140	ussr_object_140_default
ussr_object_248	Object 248	ussr_object_248_default
ussr_object_268	Object 268	ussr_object_268_default
ussr_object_279	Object 279	ussr_object_279_default
ussr_object_292	Object 292	object_292_default
ussr_object_435	Object 435	ussr_object_435_default
ussr_object_685	Object 685	ussr_object_685_default
ussr_object_775	Object 775	ussr_object_775_default
ussr_object_906	Object 906	ussr_object_906_default
ussr_pantsyr_sm_sv	Pantsir SM-SV	ussr_pantsyr_sm_sv_default
ussr_pt_76_57	PT-76-57	ussr_pt_76_57_default
ussr_pt_76b	PT-76B	ussr_pt_76b_default
ussr_pzkpfw_iii_ausf_j_l42	T-III	germ_pzkpfw_III_ausf_F_default
ussr_rbt_5	RBT-5	ussr_rbt_5_default
ussr_sdkfz_251_21_kit_3rank	Hanomag ('45)	germ_sdkfz_251_21_default
ussr_smk	SMK	ussr_smk_default
ussr_su_100_1945	SU-100	ussr_su_100_1945_default
ussr_su_100p	SU-100P	ussr_su_100p_default
ussr_su_100y	SU-100Y	ussr_su_100Y_default
ussr_su_122_54	SU-122-54	ussr_su_122_54_default
ussr_su_122	SU-122	ussr_su_122_1943_default
ussr_su_122p	SU-122P	ussr_su_122_p_default
ussr_su_152	SU-152	ussr_su_152_default
ussr_su_5_1	SU-5-1	ussr_su_5_1_default
ussr_su_57	SU-57	ussr_su_57_default
ussr_su_57b	SU-57B	ussr_su_57b_default
ussr_su_76d	SU-76D	ussr_su_76d_default
ussr_su_76m_1943	SU-76M	ussr_su_76m_1943_default
ussr_su_76m_5st_kav_corps	SU-76M (5th Guards Cavalry Corps)	ussr_su_76m_1943_default
ussr_su_85_1943	SU-85	ussr_su_85_1943_default
ussr_su_85a	SU-85A	ussr_su_85a_default
ussr_su_85m	SU-85M	ussr_su_85m_default
ussr_t_10a	T-10A	ussr_t_10a_default
ussr_t_10m	T-10M	ussr_t_10m_default
ussr_t_126sp	T-126(SP)	ussr_t_126sp_default
ussr_t_26_1940_1st_gvtbr	T-26 mod. 1939 (1st Gv.T.Br.)	ussr_t_26_1940_default
ussr_t_26_1940	T-26 mod. 1939	ussr_t_26_1940_default
ussr_t_26_4	T-26-4	ussr_t_26_4_default
ussr_t_26e	T-26E	ussr_t_26_1940_default
ussr_t_28_1938	T-28 (1938)	ussr_t_28_1938_default
ussr_t_28	T-28	ussr_t_28_default
ussr_t_28e	T-28E	ussr_t_28e_default
ussr_t_34_100	T-34-100	ussr_t_34_100_default
ussr_t_34_1940_l_11	T-34 (Prototype)	ussr_t_34_1941_l_11_default
ussr_t_34_1941_57	T-34-57	ussr_t_34_1941_57_default
ussr_t_34_1941_cast_turret	T-34 1941 (1st Gv.T.Br.)	ussr_t_34E_default
ussr_t_34_1941_l_11	T-34 (1940)	ussr_t_34_1941_l_11_default
ussr_t_34_1941	T-34 (1941)	ussr_t_34_1941_default
ussr_t_34_1942	T-34 (1942)	ussr_t_34_1942_default
ussr_t_34_57_1943	T-34-57 (1943)	ussr_t_34_57_1943_default
ussr_t_34_85_d_5t	T-34-85 (D-5T)	ussr_t_34_85_d_5t_default
ussr_t_34_85_stp_s53	T-34-85 STP-S-53	ussr_t_34_85_stp_s53_default
ussr_t_34_85_zis_53_kit_3rank	T-34-85 ('45)	ussr_t_34_85_zis_53_default
ussr_t_34_85_zis_53	T-34-85	ussr_t_34_85_zis_53_default
ussr_t_34_85e	T-34-85E	ussr_t_34_85E_default
ussr_t_34e_stz	T-34E STZ	ussr_t_34_1941_default
ussr_t_34e	T-34E	ussr_t_34E_default
ussr_t_35	T-35	ussr_t_35_default
ussr_t_44_100	T-44-100	ussr_t_44_100_default
ussr_t_44_122	T-44-122	ussr_t_44_122_default
ussr_t_44_po	T-44 First Modification	ussr_t_44_default
ussr_t_44	T-44	ussr_t_44_default
ussr_t_50_for_tutorial	T-50	ussr_t_50_for_tutorial_default
ussr_t_50	T-50	ussr_t_50_default
ussr_t_54_1947	T-54 (1947)	ussr_t_54_1947_default
ussr_t_54_1949	T-54 (1949)	ussr_t_54_1951_default
ussr_t_54_1951	T-54 (1951)	ussr_t_54_1951_default
ussr_t_55_am	T-55AM-1	ussr_t_55_am_default
ussr_t_55_amd_1	T-55AMD-1	ussr_t_55_amd_1_default
ussr_t_55a	T-55A	ussr_t_55a_default
ussr_t_60_1941	T-60	ussr_t_60_1941_default
ussr_t_62	T-62	t_62_default
ussr_t_62m1	T-62M-1	t_62m1_default
ussr_t_64_b_1984	T-64B	ussr_t_64_b_1984_default
ussr_t_64a_1971	T-64A (1971)	t_64a_1971_default
ussr_t_70_1942	T-70	ussr_t_70_1942_default
ussr_t_72a	T-72A	ussr_t_72a_default
ussr_t_72av_turms	T-72AV (TURMS-T)	ussr_t_72av_turms_default
ussr_t_72b_1989	T-72B (1989)	ussr_t_72b_1989_default
ussr_t_72b	T-72B	ussr_t_72b_default
ussr_t_72b3_2011	T-72B3	ussr_t_72b3_2011_default
ussr_t_72b3_2017_race	T-72B3	ussr_t_72b3_2017_race_default
ussr_t_72b3_arena_m	T-72B3A, Arena-M	ussr_t_72b3_arena_m_default
ussr_t_72m2_moderna	T-72M2	ussr_t_72m2_moderna_default
ussr_t_80	T-80	ussr_t_80_default
ussr_t_80b	T-80B	ussr_t_80b_default
ussr_t_80bvm	T-80BVM	ussr_t_80bvm_default
ussr_t_80u_race	T-80U	ussr_t_80u_default
ussr_t_80u_yt_cup_2019	T-80U	ussr_t_80u_default
ussr_t_80u	T-80U	ussr_t_80u_default
ussr_t_80ud	T-80UD	ussr_t_80ud_default
ussr_t_80ue1_sm	80U-Е1	ussr_t_80ue1_default
ussr_t_80ue1	T-80U-E1	ussr_t_80ue1_default
ussr_t_80uk	T-80UK	ussr_t_80uk_default
ussr_t_80um2	T-80UM2	ussr_t_80um2_default
ussr_t_90a	T-90A	ussr_t_90a_default
ussr_t_90m_2020	T-90M	ussr_t_90m_2020_default
ussr_t_90m_arena_m	T-90M (Arena-M)	ussr_t_90m_arena_m_default
ussr_to_55	TO-55	ussr_to_55_default
ussr_tor_m1	Tor-M1	cn_tor_m1_default
ussr_truck_gaz_aaa	GAZ-AAA	ussr_truck_gaz_aaa_default
ussr_type_62	Type 62	ussr_type_62_default
ussr_type_65_aa	Xe tăng phòng không 37 mm	cn_type_65_aa_default
ussr_zis_12_94km_1945	ZiS-12 (94-KM)	ussr_zis_12_94KM_1945_default
ussr_zis_30	ZiS-30	ussr_zis_30_default
ussr_zis_43	ZiS-43	ussr_zis_43_default
ussr_zsu_29k	YaG-10 (29-K)	ussr_zsu_29k_default
ussr_zsu_37	ZSU-37	ussr_zsu_37_default
ussr_zsu_57_2	ZSU-57-2	ussr_zsu_57_2_default
ussr_zut_37	ZUT-37	ussr_zut_37_default
